0, 1.4, 11
60, 0.37, 80
65, 0.42, 76
66, 0.33, 70
67, 0.56, 29
0, 1.8, 7
60, 0.51, 69
65, 0.46, 75
67, 0.65, 38
0, 2.0, 3
56, 0.46, 65
61, 0.42, 68
62, 0.37, 64
63, 0.37, 11
0, 1.5, 8
55, 0.42, 57
60, 0.37, 69
62, 0.14, 64
63, 0.65, 31
0, 1.8, 4
56, 0.46, 61
61, 0.33, 67
63, 0.74, 39
0, 1.5, 8
56, 0.37, 64
61, 0.33, 67
62, 0.37, 65
63, 0.37, 14
0, 1.5, 7
53, 0.42, 70
58, 0.37, 73
60, 0.74, 30
0, 2.4, 3
53, 0.42, 69
58, 0.37, 69
60, 0.79, 33
0, 1.5, 7
51, 0.37, 67
56, 0.42, 71
58, 0.37, 71
57, 0.28, 30
58, 0.19, 0
0, 1.4, 7
51, 0.37, 63
56, 0.42, 67
58, 0.74, 36
0, 1.7, 8
49, 0.33, 81
52, 0.37, 77
54, 0.74, 39
0, 1.6, 7
48, 0.33, 72
54, 0.33, 77
56, 0.84, 44
0, 1.5, 9
51, 0.33, 73
56, 0.42, 70
58, 0.74, 27
0, 1.5, 4
51, 0.42, 61
56, 0.42, 67
58, 0.65, 31
0, 1.6, 6
55, 0.37, 67
60, 0.42, 70
62, 0.93, 40
0, 1.3, 11
61, 0.37, 75
66, 0.37, 82
68, 0.79, 45
0, 1.5, 8
62, 0.37, 82
65, 0.37, 79
67, 0.7, 40
0, 1.5, 7
58, 0.56, 72
63, 0.32, 82
65, 0.84, 38
0, 1.2, 5
56, 0.51, 69
72, 0.19, 72
63, 0.09, 73
62, 0.14, 68
63, 0.56, 29
0, 1.3, 9
56, 0.42, 62
61, 0.33, 72
63, 0.7, 28
0, 1.3, 11
57, 0.37, 64
62, 0.37, 76
64, 0.74, 38
0, 1.5, 6
54, 0.42, 65
59, 0.42, 64
61, 0.09, 67
73, 0.42, 36
61, 0.19, 0
0, 1.8, 6
50, 0.37, 64
53, 0.42, 63
54, 0.09, 53
55, 0.56, 22
0, 1.5, 7
50, 0.37, 63
55, 0.37, 70
57, 0.7, 40
0, 1.7, 6
48, 0.42, 61
54, 0.37, 67
56, 0.88, 44
0, 1.4, 9
51, 0.33, 67
56, 0.42, 72
58, 0.88, 42
0, 1.2, 11
53, 0.42, 73
58, 0.37, 75
60, 0.79, 40
0, 1.5, 10
53, 0.37, 74
58, 0.37, 77
60, 0.84, 40
0, 1.4, 9
53, 0.42, 72
58, 0.37, 72
60, 0.79, 39
0, 1.4, 10
53, 0.37, 75
58, 0.33, 78
60, 0.79, 40
0, 1.3, 16
61, 0.23, 76
73, 0.05, 82
66, 0.42, 84
68, 1.1, 53
0, 1.1, 14
61, 0.37, 78
66, 0.33, 85
67, 1.0, 81
68, 0.42, 15
0, 0.98, 16
61, 0.28, 75
64, 0.46, 79
66, 0.98, 44
0, 1.4, 18
73, 0.14, 78
66, 0.51, 82
67, 0.37, 84
68, 0.84, 41
0, 1.2, 11
63, 0.37, 82
68, 0.42, 76
70, 1.1, 41
0, 0.93, 14
60, 0.37, 82
65, 0.37, 78
67, 1.1, 49
0, 0.84, 14
57, 0.42, 68
62, 0.33, 76
64, 1.2, 45
0, 0.74, 11
53, 0.46, 73
58, 0.46, 69
60, 1.1, 42
0, 1.1, 7
48, 0.51, 68
54, 0.33, 70
56, 1.3, 51
0, 0.6, 20
46, 0.46, 69
51, 0.37, 75
53, 1.3, 53
0, 0.98, 8
48, 0.46, 74
53, 0.42, 69
55, 1.0, 39
0, 1.0, 9
50, 0.42, 56
55, 0.42, 68
57, 1.3, 48
0, 0.98, 15
52, 0.7, 73
57, 0.42, 70
59, 1.3, 47
0, 0.79, 15
53, 0.46, 72
58, 0.46, 69
60, 0.98, 39
0, 1.1, 14
53, 0.56, 68
57, 0.05, 71
58, 0.23, 70
60, 1.0, 41
0, 1.1, 6
50, 0.42, 63
53, 0.37, 66
55, 0.93, 38
0, 1.1, 9
50, 0.37, 61
55, 0.37, 69
57, 0.98, 42
0, 1.1, 14
52, 0.46, 74
57, 0.46, 71
58, 0.42, 64
59, 0.42, 14
0, 1.1, 10
49, 0.19, 65
48, 0.05, 65
49, 0.19, 50
54, 0.42, 67
56, 0.42, 66
55, 0.14, 57
56, 0.37, 13
0, 1.1, 7
47, 0.51, 72
53, 0.51, 74
55, 0.93, 40
0, 1.0, 13
57, 0.74, 67
62, 0.42, 76
64, 1.1, 50
0, 1.2, 8
53, 0.51, 65
60, 0.6, 65
58, 0.93, 40
0, 1.0, 10
52, 0.56, 71
57, 0.46, 70
59, 0.05, 68
58, 0.65, 56
59, 0.19, 0
0, 0.7, 15
54, 0.42, 64
59, 0.51, 68
73, 0.79, 46
61, 0.19, 0
0, 1.0, 16
63, 0.46, 80
68, 0.46, 79
70, 1.0, 44
0, 0.79, 19
60, 0.51, 86
65, 0.56, 86
67, 1.1, 46
0, 0.84, 15
59, 0.51, 69
64, 0.56, 78
65, 0.37, 73
66, 0.6, 31
0, 0.98, 19
59, 0.37, 73
64, 0.51, 81
65, 0.51, 75
66, 0.79, 39
0, 0.56, 22
59, 0.46, 70
64, 0.51, 81
65, 0.7, 70
66, 0.42, 7
0, 0.74, 22
58, 0.42, 72
64, 0.51, 83
65, 0.51, 72
66, 0.51, 18
0, 0.84, 9
53, 0.56, 70
58, 0.51, 72
60, 1.1, 42
0, 0.79, 10
50, 0.56, 59
55, 0.46, 68
57, 1.3, 50
0, 0.74, 8
48, 0.56, 61
54, 0.56, 65
56, 0.19, 63
55, 0.33, 56
56, 0.6, 22
0, 0.74, 8
47, 0.51, 61
52, 0.6, 71
54, 0.23, 71
53, 0.14, 67
54, 0.46, 18
0, 1.2, 11
58, 0.56, 69
63, 0.51, 82
64, 0.09, 90
65, 1.0, 46
0, 0.65, 20
55, 0.51, 68
60, 0.51, 72
61, 0.79, 58
62, 0.28, 2
0, 0.88, 6
50, 0.46, 59
53, 0.51, 68
55, 1.0, 40
0, 0.74, 10
56, 0.6, 70
73, 0.46, 80
62, 0.09, 72
63, 1.1, 48
0, 0.7, 17
50, 0.51, 54
55, 0.46, 69
56, 0.51, 65
57, 0.6, 28
0, 0.7, 4
47, 0.6, 73
52, 0.46, 74
53, 0.56, 64
54, 0.51, 25
0, 0.74, 23
58, 0.51, 74
63, 0.46, 78
64, 0.56, 76
65, 0.65, 19
0, 0.65, 20
57, 0.51, 68
62, 0.51, 77
64, 1.2, 57
0, 0.6, 18
56, 0.56, 57
61, 0.65, 64
63, 1.2, 48
0, 0.46, 26
55, 0.46, 59
60, 0.46, 73
62, 0.88, 47
0, 2.4, 3
54, 0.84, 63
59, 0.56, 69
61, 1.1, 40
0, 0.84, 9
50, 0.56, 49
55, 0.46, 66
57, 1.1, 47
0, 0.98, 3
48, 0.46, 52
53, 0.51, 64
55, 1.2, 40
0, 0.74, 24
47, 0.42, 72
52, 0.6, 68
53, 0.19, 57
54, 0.79, 31
0, 0.79, 16
57, 0.6, 69
62, 0.46, 72
64, 0.88, 41
0, 1.0, 10
53, 0.56, 70
58, 0.51, 73
60, 0.93, 46
0, 1.2, 8
50, 0.51, 53
55, 0.51, 65
57, 0.93, 45
0, 0.98, 18
47, 0.46, 71
52, 0.65, 72
54, 0.93, 40
0, 0.79, 16
47, 0.46, 64
54, 0.51, 62
56, 0.14, 59
55, 0.05, 56
56, 0.74, 32
0, 0.79, 13
49, 0.46, 64
54, 0.46, 63
56, 0.09, 62
55, 0.19, 54
56, 0.09, 57
55, 0.14, 49
56, 0.46, 16
0, 1.3, 8
49, 0.51, 67
54, 0.51, 69
56, 0.84, 41
0, 1.1, 11
55, 0.51, 71
60, 0.51, 76
62, 0.79, 40
0, 1.2, 15
63, 0.46, 83
68, 0.51, 78
70, 0.98, 43
0, 0.98, 11
54, 0.51, 66
59, 0.6, 69
61, 0.33, 62
73, 0.19, 53
61, 0.46, 8
0, 0.84, 16
58, 0.56, 80
65, 0.6, 79
67, 0.98, 45
0, 0.84, 18
60, 0.56, 85
65, 0.65, 76
66, 0.09, 71
67, 0.65, 37
0, 1.3, 12
58, 0.51, 74
63, 0.51, 80
65, 1.1, 50
0, 0.74, 23
58, 0.51, 75
63, 0.56, 83
64, 0.19, 89
65, 0.05, 82
64, 0.19, 79
65, 0.65, 26
0, 0.93, 14
64, 0.51, 79
69, 0.46, 83
71, 1.1, 49
0, 0.84, 17
67, 0.46, 81
72, 0.56, 90
74, 1.6, 69
0, 0.46, 34
60, 0.46, 84
65, 0.6, 83
67, 1.5, 51
0, 0.51, 12
51, 0.46, 67
56, 0.56, 70
58, 1.2, 50
0, 0.88, 9
51, 0.56, 63
56, 0.56, 67
58, 0.93, 42
0, 0.88, 13
53, 0.51, 70
58, 0.51, 75
60, 0.93, 46
0, 0.84, 13
53, 0.56, 70
58, 0.46, 70
60, 0.88, 41
0, 1.1, 13
55, 0.46, 69
60, 0.46, 76
62, 1.2, 47
0, 0.74, 18
55, 0.46, 68
60, 0.51, 73
61, 0.09, 68
62, 1.2, 46
0, 0.56, 26
57, 0.46, 70
62, 0.46, 75
64, 1.2, 51
0, 0.65, 22
57, 0.19, 69
56, 0.33, 67
62, 0.46, 73
64, 1.3, 52
0, 0.46, 26
60, 0.51, 78
65, 0.51, 80
67, 1.4, 54
0, 0.33, 31
57, 0.56, 68
62, 0.46, 76
64, 1.3, 48
0, 0.46, 21
54, 0.51, 63
59, 0.51, 60
61, 0.23, 67
73, 1.0, 41
61, 0.05, 0
0, 0.56, 13
50, 0.56, 51
55, 0.46, 65
57, 0.09, 64
56, 0.14, 62
57, 0.05, 62
56, 0.19, 58
57, 0.46, 23
0, 0.84, 24
47, 0.46, 76
52, 0.56, 73
54, 0.98, 43
0, 0.65, 10
53, 0.56, 68
58, 0.46, 73
60, 0.98, 42
0, 0.6, 28
59, 0.37, 70
64, 0.6, 77
65, 0.65, 71
66, 0.32, 1
0, 0.51, 23
63, 0.56, 79
68, 0.6, 77
70, 1.3, 46
0, 5.0, 2
55, 0.46, 67
60, 0.46, 74
62, 1.2, 46
0, 0.98, 10
54, 0.46, 66
59, 0.56, 69
73, 0.84, 54
61, 0.14, 0
0, 1.2, 6
50, 0.51, 59
55, 0.51, 70
56, 0.19, 66
57, 0.05, 64
56, 0.14, 59
57, 0.51, 23
0, 0.98, 5
47, 0.6, 71
52, 0.46, 74
54, 0.98, 45
0, 0.79, 16
53, 0.6, 73
58, 0.51, 75
60, 0.93, 38
0, 0.7, 26
48, 0.56, 72
54, 0.51, 67
55, 0.7, 49
56, 0.19, 0
0, 0.88, 4
51, 0.6, 66
58, 0.6, 66
55, 0.05, 50
56, 0.84, 33
0, 0.79, 16
55, 0.51, 64
60, 0.51, 73
61, 0.37, 61
62, 0.6, 23
0, 0.88, 20
59, 0.37, 70
64, 0.6, 79
65, 0.42, 72
66, 0.14, 55
65, 0.09, 1
66, 0.14, 0
0, 1.5, 7
61, 0.51, 73
66, 0.46, 87
67, 0.23, 83
68, 0.05, 82
67, 0.09, 82
68, 0.6, 36
0, 1.0, 18
61, 0.46, 84
66, 0.46, 81
68, 2.0, 79
63, 0.51, 77
68, 0.6, 78
70, 0.23, 67
69, 0.42, 60
70, 0.33, 4
0, 1.1, 11
67, 0.46, 77
72, 0.56, 89
74, 0.74, 48
0, 1.3, 11
62, 0.51, 75
67, 0.51, 74
69, 0.93, 41
0, 0.84, 15
59, 0.46, 68
64, 0.56, 74
65, 0.42, 77
66, 0.56, 27
0, 0.7, 22
57, 0.51, 69
62, 0.46, 76
64, 1.0, 46
0, 0.65, 19
55, 0.46, 68
60, 0.51, 77
62, 0.84, 42
0, 0.79, 9
51, 0.46, 63
56, 0.56, 70
58, 1.0, 59
59, 0.19, 67
58, 0.37, 65
64, 0.6, 72
65, 0.09, 79
66, 0.56, 27
0, 0.56, 25
67, 0.46, 76
72, 0.56, 84
74, 0.79, 47
0, 0.6, 19
63, 0.42, 84
68, 0.46, 78
70, 0.42, 35
61, 0.51, 82
66, 0.46, 78
68, 0.46, 38
64, 0.56, 59
57, 0.46, 65
59, 0.56, 55
52, 0.7, 27
0, 1.5, 13
54, 0.42, 91
56, 0.42, 86
58, 0.6, 37
0, 1.4, 12
60, 0.37, 85
62, 0.46, 98
64, 0.6, 42
0, 1.4, 13
59, 0.37, 81
61, 0.42, 89
63, 0.6, 41
0, 1.8, 11
57, 0.46, 89
59, 0.33, 79
61, 0.84, 43
0, 1.5, 8
56, 0.51, 87
58, 0.42, 72
60, 0.7, 38
0, 1.0, 17
54, 0.37, 87
56, 0.46, 82
58, 0.74, 45
0, 0.14, 79
60, 0.42, 87
62, 0.46, 99
64, 0.7, 47
0, 1.0, 20
57, 0.37, 87
59, 0.46, 81
61, 1.0, 57
0, 0.05, 109
62, 0.51, 107
64, 0.51, 110
65, 0.09, 105
66, 0.09, 97
65, 0.19, 85
66, 0.46, 25
0, 1.5, 12
55, 0.33, 83
57, 0.51, 85
58, 0.09, 72
59, 0.51, 27
0, 0.7, 31
54, 0.42, 91
56, 0.42, 85
58, 0.79, 44
0, 0.79, 27
60, 0.33, 95
62, 0.46, 101
64, 0.7, 50
0, 0.65, 38
53, 0.42, 79
55, 0.33, 80
57, 0.84, 49
0, 0.56, 34
56, 0.37, 85
58, 0.42, 82
60, 0.79, 36
0, 0.56, 37
58, 0.37, 81
60, 0.37, 88
62, 0.88, 43
0, 0.46, 41
59, 0.33, 83
61, 0.42, 93
63, 0.84, 51
0, 0.74, 31
60, 0.33, 91
62, 0.37, 102
64, 0.84, 56
0, 0.93, 28
65, 0.37, 100
67, 0.37, 90
69, 0.7, 40
0, 1.6, 14
62, 0.28, 109
64, 0.42, 109
66, 0.84, 48
0, 0.98, 21
55, 0.28, 89
57, 0.42, 86
58, 0.74, 43
0, 0.84, 25
60, 0.28, 98
62, 0.37, 103
64, 0.74, 55
0, 0.88, 23
59, 0.37, 88
61, 0.37, 96
62, 0.09, 92
63, 0.74, 52
0, 0.79, 28
52, 0.37, 86
54, 0.28, 79
56, 0.98, 45
0, 0.7, 39
53, 0.37, 86
55, 0.37, 80
57, 0.93, 47
0, 0.6, 35
58, 0.42, 84
60, 0.37, 86
62, 0.79, 37
0, 0.84, 22
58, 0.37, 77
60, 0.37, 84
62, 0.88, 43
0, 0.65, 24
56, 0.42, 88
58, 0.37, 76
60, 0.79, 32
0, 0.93, 24
54, 0.28, 87
56, 0.42, 87
58, 0.88, 41
0, 1.9, 11
53, 0.37, 88
55, 0.33, 85
57, 1.5, 58
0, 1.1, 23
52, 0.33, 92
54, 0.37, 90
56, 2.6, 63
0, 1.4, 14
60, 0.33, 96
62, 0.42, 98
64, 0.37, 8
0, 1.6, 12
61, 0.33, 93
63, 0.42, 94
65, 0.42, 3
0, 1.7, 14
65, 0.46, 96
67, 0.23, 74
69, 0.28, 8
0, 1.7, 11
62, 0.51, 99
64, 0.7, 103
66, 0.84, 48
0, 1.8, 12
57, 0.33, 88
59, 0.28, 83
61, 0.98, 46
0, 1.2, 18
53, 0.42, 84
55, 0.42, 80
57, 0.84, 48
0, 1.1, 18
52, 0.33, 82
54, 0.37, 78
56, 0.7, 39
0, 0.98, 20
58, 0.42, 87
60, 0.56, 90
61, 0.09, 85
62, 0.09, 89
61, 0.14, 77
62, 0.51, 19
0, 0.6, 33
51, 0.46, 90
53, 0.42, 86
55, 0.65, 40
0, 0.65, 39
63, 0.37, 111
65, 0.51, 98
67, 0.79, 29
0, 1.8, 12
54, 0.33, 96
56, 0.42, 82
58, 0.37, 22
0, 0.84, 25
60, 0.28, 101
62, 0.42, 98
64, 0.46, 39
0, 0.79, 37
48, 0.33, 92
51, 0.46, 90
53, 0.37, 22
0, 0.51, 41
54, 0.28, 85
56, 0.46, 86
58, 0.37, 12
0, 0.65, 30
60, 1.1, 81
62, 0.42, 99
64, 0.42, 24
0, 0.6, 34
57, 0.42, 86
59, 0.42, 85
61, 1.3, 55
0, 1.7, 13
58, 0.42, 74
60, 0.37, 93
62, 1.1, 56
0, 0.79, 25
53, 0.37, 91
55, 0.37, 84
57, 0.56, 37
0, 0.28, 68
58, 0.37, 81
60, 0.37, 91
62, 1.1, 54
0, 0.42, 38
56, 0.42, 84
58, 0.37, 75
60, 0.51, 56
61, 0.51, 95
63, 0.37, 100
64, 0.14, 97
65, 0.79, 53
0, 1.0, 23
53, 0.37, 85
55, 0.28, 80
57, 0.46, 33
0, 0.37, 50
59, 0.37, 82
61, 0.42, 92
63, 0.74, 68
64, 0.51, 111
66, 0.37, 95
68, 0.84, 37
0, 1.7, 11
53, 0.33, 85
55, 0.42, 83
57, 0.65, 37
0, 0.46, 38
52, 0.42, 89
54, 0.37, 89
56, 0.56, 41
0, 0.65, 34
51, 0.37, 94
53, 0.42, 82
55, 0.56, 32
0, 0.74, 37
50, 0.33, 92
52, 0.42, 89
54, 0.65, 39
0, 0.65, 38
48, 0.37, 88
51, 0.46, 92
53, 0.7, 53
0, 0.28, 69
60, 0.32, 91
62, 0.37, 100
64, 0.65, 52
0, 0.84, 33
48, 0.33, 90
51, 0.46, 93
53, 0.6, 52
0, 0.28, 83
62, 0.33, 106
64, 0.42, 108
66, 0.7, 46
0, 0.79, 31
48, 0.28, 87
51, 0.42, 86
53, 0.42, 66
60, 0.33, 92
62, 0.14, 103
64, 0.37, 84
62, 0.28, 102
64, 0.28, 109
66, 0.33, 96
64, 0.33, 107
66, 0.33, 97
67, 0.42, 41
68, 0.14, 0
67, 0.09, 0
0, 1.7, 14
57, 0.28, 88
59, 0.28, 82
61, 0.46, 61
55, 0.28, 84
57, 0.28, 82
59, 0.42, 31
0, 0.28, 68
53, 0.33, 80
55, 0.23, 83
57, 0.65, 36
0, 1.5, 18
53, 0.28, 88
55, 0.23, 87
57, 0.51, 53
52, 0.33, 87
54, 0.23, 87
56, 0.51, 33
0, 0.42, 52
58, 0.28, 80
60, 0.28, 92
62, 0.6, 27
0, 0.46, 40
55, 0.51, 87
57, 0.65, 88
59, 0.23, 73
58, 0.14, 56
59, 0.37, 16
0, 0.93, 25
51, 0.6, 90
53, 1.1, 92
55, 0.88, 44
0, 0.88, 24
57, 0.93, 89
59, 0.05, 82
58, 0.05, 82
59, 0.09, 80
58, 0.23, 77
59, 0.46, 79
61, 1.0, 50
0, 0.88, 23
62, 0.6, 98
64, 0.65, 108
66, 0.6, 20
0, 2.4, 9
53, 0.37, 86
55, 0.28, 84
57, 0.56, 35
0, 1.0, 20
58, 0.33, 79
60, 0.33, 82
62, 0.7, 29
0, 0.23, 81
56, 0.33, 86
58, 0.37, 75
60, 0.65, 28
0, 0.56, 34
55, 0.23, 86
57, 0.42, 83
59, 0.6, 37
0, 0.65, 38
54, 0.23, 86
56, 0.37, 86
58, 0.65, 39
0, 0.56, 37
52, 0.33, 86
54, 0.28, 81
56, 0.65, 37
0, 0.56, 40
57, 0.33, 87
59, 0.33, 85
61, 0.7, 39
0, 0.6, 43
52, 0.28, 86
54, 0.28, 82
56, 0.65, 37
0, 0.56, 42
58, 0.28, 73
60, 0.33, 87
61, 0.23, 71
62, 0.56, 17
0, 0.46, 53
51, 0.28, 94
53, 0.37, 80
55, 0.51, 27
0, 0.56, 36
57, 0.32, 86
59, 0.33, 83
61, 0.7, 38
0, 0.42, 49
56, 0.32, 88
58, 0.37, 65
60, 0.7, 35
0, 0.56, 34
55, 0.23, 89
57, 0.42, 81
59, 0.6, 33
0, 0.6, 37
60, 0.33, 93
62, 0.37, 100
64, 0.56, 50
0, 0.56, 37
51, 0.28, 85
53, 0.37, 74
55, 0.6, 36
0, 0.56, 39
53, 0.33, 80
55, 0.28, 84
57, 0.7, 39
0, 0.46, 45
58, 0.28, 79
60, 0.32, 91
62, 0.88, 42
0, 0.7, 33
64, 0.79, 108
66, 0.23, 90
67, 0.56, 35
0, 0.84, 28
62, 0.98, 94
64, 0.37, 107
66, 0.6, 50
0, 1.3, 22
61, 0.05, 92
60, 0.05, 91
61, 0.74, 86
63, 0.37, 104
64, 0.23, 100
65, 0.79, 55
0, 0.84, 29
58, 0.88, 77
61, 0.46, 91
62, 0.09, 90
63, 0.65, 35
0, 1.3, 17
57, 0.28, 87
59, 0.33, 86
61, 0.65, 30
0, 1.3, 16
55, 0.19, 97
57, 0.33, 83
59, 0.42, 23
0, 1.8, 10
54, 0.28, 72
56, 0.37, 69
58, 0.79, 37
0, 1.2, 17
58, 0.23, 80
60, 0.28, 94
61, 0.09, 82
62, 0.6, 22
0, 0.6, 40
52, 0.28, 94
54, 0.14, 84
56, 0.6, 37
0, 0.7, 29
57, 0.28, 84
59, 0.28, 92
60, 0.09, 79
61, 0.51, 21
0, 0.6, 38
53, 0.28, 78
55, 0.23, 85
57, 0.6, 35
0, 1.2, 17
58, 0.23, 82
60, 0.28, 97
62, 0.65, 67
63, 0.33, 113
65, 0.28, 99
67, 0.6, 41
0, 1.6, 14
54, 0.23, 87
56, 0.28, 83
58, 0.51, 34
0, 2.0, 10
61, 0.23, 100
63, 0.37, 105
65, 0.7, 42
0, 0.33, 81
62, 0.28, 110
64, 0.42, 112
65, 0.42, 111
66, 0.84, 52
0, 1.3, 17
63, 0.33, 114
65, 0.51, 106
66, 0.37, 74
67, 0.19, 5
0, 0.42, 41
60, 0.32, 93
62, 0.37, 101
64, 0.65, 48
0, 1.0, 18
58, 0.37, 79
60, 0.37, 91
62, 1.7, 65
0, 2.7, 8
61, 0.37, 98
63, 0.42, 104
65, 1.6, 75
0, 0.65, 27
60, 0.42, 83
62, 0.42, 97
63, 0.14, 95
64, 0.65, 35
0, 1.6, 11
60, 0.46, 85
62, 0.51, 102
64, 1.2, 76
0, 2.2, 9
61, 0.42, 95
63, 0.37, 105
65, 0.93, 55
0, 1.4, 15
62, 0.37, 111
64, 0.46, 113
66, 0.88, 50
0, 2.8, 7
55, 0.33, 93
57, 0.42, 91
59, 0.7, 72
61, 0.37, 101
63, 0.46, 110
65, 0.84, 73
62, 0.37, 111
64, 0.46, 112
66, 0.79, 39
0, 0.51, 46
67, 0.37, 104
69, 0.37, 105
70, 0.37, 69
71, 0.28, 0
0, 0.42, 56
70, 0.33, 116
72, 0.42, 119
74, 0.84, 59
0, 2.6, 10
68, 0.37, 116
70, 0.33, 114
72, 0.65, 44
0, 0.28, 91
66, 0.37, 106
68, 0.33, 103
70, 0.65, 33
0, 0.42, 68
65, 0.33, 108
67, 0.37, 105
69, 0.84, 50
0, 1.3, 16
64, 0.33, 112
66, 0.42, 106
67, 0.09, 98
68, 0.14, 79
67, 0.14, 62
68, 0.42, 7
0, 1.1, 19
64, 0.37, 114
66, 0.42, 109
67, 0.42, 93
68, 0.37, 87
67, 0.37, 85
68, 1.2, 52
0, 1.3, 15
64, 0.37, 115
66, 0.37, 110
68, 1.4, 68
0, 1.1, 20
69, 0.23, 96
68, 0.37, 103
66, 1.2, 65
0, 0.98, 23
67, 0.28, 114
65, 0.37, 113
63, 1.1, 61
0, 1.3, 15
54, 0.28, 94
56, 0.33, 86
58, 0.51, 22
0, 0.56, 43
51, 0.28, 96
53, 0.33, 79
55, 0.46, 24
0, 0.56, 38
61, 0.28, 102
63, 0.28, 108
65, 0.74, 59
0, 0.05, 85
50, 0.37, 91
52, 0.28, 85
54, 0.46, 32
0, 0.56, 37
57, 0.28, 87
59, 0.37, 81
61, 0.56, 40
0, 0.23, 65
48, 0.33, 75
50, 0.33, 84
52, 0.46, 33
0, 0.6, 37
53, 0.33, 86
55, 0.28, 83
57, 0.51, 30
0, 0.51, 46
58, 0.37, 74
60, 0.51, 78
62, 0.98, 47
0, 0.6, 46
63, 0.28, 118
65, 0.42, 98
67, 0.46, 27
0, 0.51, 35
56, 0.37, 86
58, 0.33, 82
60, 0.6, 32
0, 0.46, 55
61, 0.28, 100
63, 0.37, 108
65, 0.65, 42
0, 0.56, 46
54, 0.28, 88
56, 0.33, 80
58, 0.56, 33
0, 0.51, 42
59, 0.23, 95
61, 0.37, 100
62, 0.09, 86
63, 0.56, 32
0, 0.51, 45
52, 0.33, 88
54, 0.28, 84
56, 0.65, 40
0, 0.56, 39
57, 0.33, 86
59, 0.28, 88
61, 0.7, 40
0, 0.56, 41
62, 0.98, 49
0, 2.9, 8
53, 0.33, 81
55, 0.28, 87
57, 0.7, 40
0, 0.56, 37
52, 0.28, 93
54, 0.33, 89
56, 0.7, 41
0, 0.56, 37
51, 0.33, 98
53, 0.33, 91
55, 0.65, 39
0, 0.56, 25
56, 0.37, 90
58, 0.37, 84
60, 0.79, 35
0, 0.56, 37
61, 0.37, 103
63, 0.42, 106
65, 0.79, 55
0, 0.51, 52
59, 0.19, 92
61, 0.42, 100
62, 0.09, 93
63, 0.6, 35
0, 0.6, 38
57, 0.28, 91
59, 0.37, 91
61, 0.74, 48
0, 0.46, 37
56, 0.37, 90
58, 0.37, 78
60, 0.7, 35
0, 0.51, 44
61, 0.28, 102
63, 0.42, 110
65, 0.79, 48
0, 0.46, 48
57, 0.32, 88
59, 0.37, 88
60, 0.37, 70
61, 0.23, 0
0, 0.65, 37
53, 0.37, 85
55, 0.28, 87
57, 0.7, 43
0, 0.74, 31
48, 0.05, 92
0, 0.05, 72
48, 0.19, 87
51, 0.37, 93
53, 0.7, 48
0, 0.7, 41
54, 0.23, 91
56, 0.37, 88
58, 0.7, 46
0, 0.51, 44
51, 0.33, 98
53, 0.33, 86
55, 0.79, 41
0, 0.65, 33
57, 0.33, 87
59, 0.33, 90
60, 0.09, 87
61, 0.09, 81
60, 0.19, 78
61, 0.46, 20
0, 0.42, 46
56, 0.33, 84
58, 0.33, 80
60, 0.88, 40
0, 0.7, 31
61, 0.33, 101
63, 0.37, 112
65, 0.88, 56
0, 0.7, 31
55, 0.28, 91
57, 0.42, 80
59, 0.51, 33
0, 0.79, 29
54, 0.23, 88
56, 0.42, 85
58, 0.65, 36
0, 0.65, 30
60, 0.33, 90
62, 0.33, 100
64, 0.6, 56
0, 0.79, 33
65, 0.65, 108
67, 0.23, 93
68, 0.14, 87
69, 0.14, 74
68, 0.09, 42
69, 0.28, 11
0, 0.74, 28
62, 0.46, 110
64, 0.56, 111
66, 0.6, 48
0, 0.65, 34
63, 0.37, 115
65, 0.51, 102
66, 0.09, 84
67, 0.14, 74
66, 0.09, 58
67, 0.33, 10
0, 0.65, 37
61, 0.33, 100
63, 0.37, 109
65, 0.84, 54
0, 1.3, 20
62, 0.28, 115
64, 0.42, 114
65, 0.32, 97
66, 0.42, 8
0, 0.6, 34
55, 0.28, 88
57, 0.37, 85
59, 0.65, 43
0, 0.6, 25
60, 0.37, 93
62, 0.42, 104
64, 0.7, 48
0, 0.65, 37
61, 0.28, 85
60, 0.37, 79
59, 0.09, 79
58, 0.05, 77
59, 0.14, 70
58, 0.14, 47
59, 0.32, 3
0, 0.74, 36
62, 0.28, 111
64, 0.37, 110
65, 0.42, 89
66, 0.23, 3
0, 0.65, 43
63, 0.28, 114
65, 0.42, 102
67, 0.74, 44
0, 0.7, 38
66, 0.33, 108
68, 0.42, 100
69, 0.65, 46
0, 0.6, 45
65, 0.37, 110
67, 0.33, 99
69, 0.7, 40
0, 0.88, 27
64, 0.33, 114
66, 0.32, 105
67, 0.56, 71
68, 0.09, 0
67, 0.14, 0
0, 0.65, 44
63, 0.28, 115
65, 0.37, 101
66, 0.46, 60
67, 0.19, 0
0, 1.5, 15
62, 0.33, 115
64, 0.37, 116
65, 0.09, 115
66, 0.14, 112
65, 0.14, 107
66, 0.6, 26
0, 0.37, 59
61, 0.28, 99
63, 0.33, 110
65, 1.4, 76
0, 0.33, 68
60, 0.28, 105
62, 0.37, 114
64, 0.65, 69
0, 2.0, 10
59, 0.42, 95
61, 0.51, 103
63, 0.19, 101
62, 0.14, 92
63, 0.46, 20
0, 0.51, 54
58, 0.28, 90
60, 0.42, 94
61, 0.09, 91
62, 0.84, 42
0, 0.33, 72
57, 0.33, 89
59, 0.33, 82
61, 0.84, 40
0, 0.37, 51
56, 0.37, 87
58, 0.33, 81
60, 0.98, 41
0, 0.28, 63
55, 0.32, 89
57, 0.42, 86
59, 0.05, 80
58, 0.05, 78
59, 0.14, 74
58, 0.28, 32
59, 0.05, 0
58, 0.09, 0
0, 0.6, 34
54, 0.33, 91
56, 0.33, 87
58, 0.84, 48
0, 0.46, 53
53, 0.33, 87
55, 0.33, 88
57, 0.88, 49
0, 0.46, 46
52, 0.28, 89
54, 0.37, 86
56, 0.84, 45
0, 0.51, 44
51, 0.37, 98
53, 0.37, 87
55, 0.79, 49
0, 0.56, 33
57, 0.37, 87
59, 0.33, 85
61, 0.33, 86
60, 0.14, 73
61, 0.42, 22
0, 0.42, 45
55, 0.28, 87
57, 0.37, 84
59, 0.79, 51
0, 0.7, 31
60, 0.23, 100
62, 0.37, 108
64, 0.88, 62
0, 0.56, 38
54, 0.23, 89
56, 0.32, 86
58, 0.79, 46
0, 0.51, 53
62, 0.23, 113
64, 0.47, 113
65, 0.09, 110
66, 0.14, 107
65, 0.09, 97
66, 0.51, 35
0, 0.51, 38
55, 0.23, 89
57, 0.37, 84
59, 0.84, 43
0, 0.28, 61
48, 0.33, 77
50, 0.33, 89
52, 0.79, 52
0, 1.7, 14
53, 0.28, 90
55, 0.33, 87
57, 0.6, 41
0, 0.74, 29
58, 0.28, 89
60, 0.33, 96
62, 1.0, 51
0, 0.42, 63
63, 0.33, 116
65, 0.37, 99
66, 0.09, 74
67, 0.6, 31
0, 0.7, 42
67, 0.7, 101
69, 0.37, 94
72, 0.79, 57
0, 1.0, 27
66, 0.56, 104
68, 0.7, 91
70, 0.19, 80
69, 0.14, 66
70, 0.42, 19
0, 0.56, 48
62, 0.6, 104
64, 0.7, 107
66, 0.79, 59
0, 0.56, 46
65, 0.6, 107
67, 0.7, 95
69, 0.6, 49
0, 1.3, 18
61, 0.56, 97
63, 0.65, 104
65, 0.7, 56
0, 0.74, 34
62, 0.56, 105
64, 0.7, 112
66, 0.79, 58
0, 0.51, 46
53, 0.65, 93
55, 0.56, 80
57, 0.7, 43
0, 0.65, 34
58, 0.6, 80
60, 0.65, 89
61, 0.19, 92
62, 1.2, 94
61, 0.65, 91
63, 0.65, 103
65, 1.2, 82
0, 0.42, 53
64, 0.6, 113
66, 0.7, 107
68, 0.05, 98
67, 0.14, 95
68, 0.14, 83
67, 0.09, 95
68, 1.1, 56
0, 1.8, 10
55, 0.37, 89
57, 0.51, 90
59, 0.65, 39
0, 0.7, 28
54, 0.42, 90
56, 0.51, 86
58, 0.74, 36
0, 0.65, 33
60, 0.37, 93
62, 0.46, 105
64, 0.74, 61
0, 0.7, 29
61, 0.42, 103
63, 0.42, 109
65, 0.84, 57
0, 0.6, 28
55, 0.42, 80
57, 0.42, 79
59, 0.7, 37
0, 0.65, 29
54, 0.51, 76
53, 0.56, 82
55, 0.42, 79
57, 0.84, 47
0, 0.7, 33
52, 0.37, 94
54, 0.42, 90
56, 0.88, 43
0, 0.7, 40
51, 0.42, 96
53, 0.42, 89
55, 0.79, 41
0, 0.93, 24
56, 0.46, 89
58, 0.42, 84
60, 0.93, 40
0, 0.88, 22
50, 0.42, 91
52, 0.42, 92
54, 0.84, 49
0, 0.93, 27
48, 0.37, 89
50, 0.42, 94
52, 1.5, 87
47, 0.37, 84
48, 0.42, 83
50, 0.56, 71
51, 0.28, 5
0, 0.65, 31
59, 0.33, 88
61, 0.42, 98
63, 0.79, 52
0, 0.65, 37
71, 0.33, 85
73, 0.42, 95
75, 0.56, 34
0, 1.0, 21
48, 0.33, 80
50, 0.37, 93
52, 0.74, 53
0, 0.6, 33
60, 0.37, 97
62, 0.33, 107
64, 0.7, 62
0, 0.7, 28
72, 0.37, 116
74, 0.51, 54
0, 1.2, 21
52, 0.33, 93
54, 0.33, 88
56, 0.65, 41
0, 0.46, 40
64, 0.42, 114
66, 0.42, 100
67, 0.09, 74
68, 0.09, 50
67, 0.14, 45
68, 0.32, 4
0, 0.6, 42
50, 0.28, 91
52, 0.37, 89
54, 0.65, 46
0, 0.46, 48
62, 0.33, 103
64, 0.42, 107
65, 0.09, 101
66, 0.14, 95
65, 0.14, 70
66, 0.23, 4
0, 1.2, 15
57, 0.37, 84
59, 0.33, 80
61, 0.79, 39
0, 0.7, 24
60, 0.28, 95
62, 0.33, 102
64, 0.7, 62
0, 0.74, 27
51, 0.33, 89
53, 0.37, 80
55, 0.65, 36
0, 0.65, 36
54, 0.33, 87
56, 0.42, 82
58, 0.65, 36
0, 0.6, 31
60, 0.33, 93
62, 0.42, 99
64, 0.56, 50
0, 0.7, 32
61, 0.33, 101
63, 0.37, 109
65, 0.88, 55
0, 0.33, 72
52, 0.32, 87
54, 0.28, 83
56, 0.79, 47
0, 0.56, 42
57, 0.33, 94
59, 0.42, 93
61, 0.79, 48
0, 0.46, 64
62, 0.28, 118
64, 0.37, 117
66, 0.88, 62
0, 0.42, 49
55, 0.28, 91
57, 0.37, 84
59, 0.7, 38
0, 0.42, 45
56, 0.33, 87
58, 0.37, 84
60, 0.88, 42
0, 0.46, 54
55, 0.23, 89
57, 0.42, 83
59, 0.7, 37
0, 0.51, 41
54, 0.28, 91
56, 0.42, 85
58, 0.88, 48
0, 0.46, 49
58, 0.28, 81
60, 0.33, 93
62, 0.98, 56
0, 0.42, 53
62, 0.32, 113
64, 0.42, 116
65, 0.46, 108
66, 0.42, 37
0, 0.46, 58
65, 0.32, 104
67, 0.37, 104
69, 0.88, 58
0, 0.46, 41
58, 0.28, 83
60, 0.42, 93
62, 0.93, 56
0, 0.33, 80
63, 0.28, 116
65, 0.42, 104
66, 0.09, 90
67, 0.14, 79
66, 0.14, 68
67, 0.19, 62
66, 0.28, 0
0, 0.42, 38
56, 0.42, 90
58, 0.33, 82
60, 0.84, 41
0, 0.46, 48
61, 0.28, 100
63, 0.33, 106
65, 0.74, 49
0, 1.4, 16
54, 0.32, 88
56, 0.37, 82
58, 0.74, 32
0, 0.84, 31
50, 0.28, 90
52, 0.37, 85
54, 0.56, 32
0, 1.3, 16
57, 0.33, 85
59, 0.37, 79
61, 0.65, 33
0, 0.98, 21
60, 0.28, 95
62, 0.37, 105
64, 0.65, 56
0, 0.88, 26
51, 0.37, 100
53, 0.51, 93
55, 0.74, 40
0, 0.84, 20
56, 0.42, 86
58, 0.33, 80
60, 0.56, 30
0, 1.4, 17
54, 0.28, 93
56, 0.42, 90
58, 0.7, 45
0, 0.79, 28
50, 0.33, 97
52, 0.42, 97
54, 0.79, 45
0, 0.93, 24
53, 0.32, 89
55, 0.33, 88
57, 0.65, 48
0, 0.84, 28
58, 0.28, 81
60, 0.33, 90
62, 2.3, 75
0, 0.98, 21
61, 0.33, 103
63, 0.37, 108
65, 0.56, 20
0, 0.98, 20
54, 0.33, 90
56, 0.42, 83
58, 0.42, 4
0, 1.3, 16
50, 0.33, 91
52, 0.32, 84
54, 0.42, 10
0, 1.2, 21
49, 0.28, 87
51, 0.42, 82
53, 0.23, 0
0, 1.4, 11
56, 0.37, 91
58, 0.33, 78
60, 0.37, 8
0, 0.84, 22
52, 0.33, 84
54, 0.33, 76
56, 0.42, 16
0, 0.88, 23
50, 0.37, 79
51, 0.33, 85
53, 0.33, 20
0, 0.88, 23
54, 0.32, 86
56, 0.37, 77
58, 0.32, 6
0, 0.79, 29
53, 0.37, 85
55, 0.28, 75
57, 0.37, 15
0, 0.84, 24
58, 0.37, 87
60, 0.33, 87
62, 0.51, 18
0, 0.74, 29
49, 0.33, 86
51, 0.42, 78
53, 0.28, 1
0, 0.84, 26
48, 0.56, 83
50, 0.56, 84
52, 0.37, 18
0, 0.89, 28
53, 0.32, 86
55, 0.42, 84
57, 0.6, 39
0, 0.6, 33
58, 0.32, 89
60, 0.33, 100
62, 0.84, 48
0, 0.37, 56
54, 0.33, 91
56, 0.33, 87
58, 0.74, 49
0, 0.46, 41
56, 0.33, 89
58, 0.37, 83
60, 0.7, 43
0, 0.51, 39
58, 0.33, 75
60, 0.33, 90
62, 0.98, 48
0, 0.46, 53
51, 0.28, 96
53, 0.37, 82
55, 0.7, 36
0, 0.51, 42
54, 0.28, 86
56, 0.33, 90
58, 0.79, 48
0, 0.42, 39
56, 0.37, 91
58, 0.33, 82
60, 0.79, 36
0, 0.88, 27
58, 0.23, 78
60, 0.05, 90
62, 0.56, 20
0, 1.0, 24
54, 0.05, 95
56, 0.32, 72
58, 0.42, 1
0, 0.88, 22
53, 0.28, 76
55, 0.09, 92
57, 0.42, 28
0, 1.1, 26
58, 0.14, 84
60, 0.19, 105
62, 0.56, 24
0, 0.74, 34
63, 0.23, 114
65, 0.28, 92
67, 1.8, 64
61, 0.28, 101
63, 0.23, 114
65, 0.79, 65
0, 0.79, 25
59, 0.23, 90
61, 0.33, 101
63, 0.88, 57
0, 0.6, 43
58, 0.09, 84
60, 0.33, 97
62, 1.1, 53
0, 0.37, 56
57, 0.23, 84
59, 0.28, 85
61, 0.88, 52
0, 1.1, 18
53, 0.23, 78
55, 0.23, 83
57, 0.65, 46
0, 1.3, 11
56, 0.37, 84
58, 0.37, 75
60, 0.79, 37
0, 0.74, 28
59, 0.33, 86
61, 0.33, 88
63, 1.5, 90
53, 0.46, 80
55, 0.28, 86
57, 0.7, 43
0, 0.88, 26
56, 0.37, 86
58, 0.33, 79
60, 0.93, 47
0, 0.37, 57
59, 0.28, 80
61, 0.37, 98
63, 0.88, 63
0, 0.7, 33
64, 0.37, 118
66, 0.46, 106
68, 1.0, 58
0, 0.51, 38
53, 0.37, 84
55, 0.32, 82
57, 0.84, 53
0, 0.56, 43
64, 0.37, 117
66, 0.42, 108
67, 0.65, 74
68, 0.19, 0
0, 0.65, 40
53, 0.37, 87
55, 0.37, 84
57, 0.79, 45
0, 0.74, 31
58, 0.28, 80
60, 0.42, 94
62, 0.93, 47
0, 0.46, 48
63, 0.33, 117
65, 0.46, 107
66, 0.33, 85
67, 0.51, 29
0, 0.65, 38
49, 0.33, 90
51, 0.42, 91
53, 0.88, 54
0, 0.46, 48
55, 0.28, 92
57, 0.46, 86
59, 0.23, 73
58, 0.14, 67
59, 0.42, 20
0, 0.51, 40
60, 0.32, 101
62, 0.42, 106
64, 0.88, 64
0, 0.51, 53
65, 0.37, 105
67, 0.37, 97
69, 0.93, 52
0, 0.7, 37
70, 0.28, 112
72, 0.42, 116
74, 0.88, 62
0, 0.51, 44
51, 0.42, 101
53, 0.33, 87
55, 0.7, 40
0, 0.6, 34
54, 0.33, 89
56, 0.37, 88
58, 0.79, 43
0, 0.74, 31
53, 0.09, 77
55, 0.33, 82
57, 0.7, 45
0, 1.2, 17
58, 0.32, 85
60, 0.37, 99
62, 0.98, 54
0, 0.32, 57
55, 0.28, 91
57, 0.46, 88
58, 0.09, 81
59, 0.09, 79
58, 0.23, 74
59, 0.42, 16
0, 0.51, 45
60, 0.23, 101
62, 0.46, 108
64, 0.79, 67
0, 0.28, 82
51, 0.33, 92
53, 0.37, 86
55, 0.7, 45
0, 0.79, 29
57, 0.32, 90
59, 0.37, 93
60, 0.19, 95
61, 0.05, 91
60, 0.14, 88
61, 0.51, 30
0, 0.28, 61
56, 0.42, 89
58, 0.33, 80
60, 0.74, 35
0, 0.46, 40
55, 0.28, 89
57, 0.37, 88
59, 0.79, 49
0, 0.46, 50
54, 0.32, 90
56, 0.37, 87
58, 0.84, 48
0, 0.46, 58
53, 0.32, 84
55, 0.28, 86
57, 0.74, 48
0, 0.56, 39
52, 0.33, 94
54, 0.28, 89
56, 0.84, 47
0, 0.46, 51
58, 0.33, 88
60, 0.37, 101
61, 0.09, 94
62, 0.05, 93
61, 0.23, 87
62, 0.56, 24
0, 0.33, 67
51, 0.33, 100
53, 0.37, 88
55, 0.65, 42
0, 0.56, 46
57, 0.28, 90
59, 0.33, 88
61, 0.88, 55
0, 0.6, 39
53, 0.33, 83
55, 0.28, 88
57, 0.7, 46
0, 0.56, 43
58, 0.28, 78
60, 0.37, 97
62, 0.98, 52
0, 0.23, 89
64, 0.37, 116
66, 0.42, 104
67, 0.09, 72
68, 0.05, 67
67, 0.19, 58
68, 0.37, 9
0, 0.51, 40
55, 0.33, 89
57, 0.37, 83
59, 0.65, 34
0, 0.56, 28
60, 0.33, 90
62, 0.33, 105
64, 0.74, 58
0, 0.51, 42
63, 0.28, 110
65, 0.46, 101
66, 0.33, 76
67, 0.42, 6
0, 0.42, 61
57, 0.28, 87
58, 0.32, 83
61, 0.84, 47
0, 2.0, 12
65, 0.42, 108
67, 0.37, 91
69, 0.93, 41
0, 1.4, 17
62, 0.32, 112
64, 0.51, 115
65, 0.09, 114
66, 0.14, 112
65, 0.14, 114
66, 1.2, 113
65, 0.14, 113
66, 0.09, 114
65, 0.23, 110
66, 0.42, 33
0, 1.4, 19
63, 0.28, 120
65, 0.37, 104
67, 3.4, 75
0, 1.8, 12
61, 0.28, 99
63, 0.32, 109
65, 3.4, 101
0, 1.9, 10
60, 0.33, 98
62, 0.33, 109
64, 3.5, 96
0, 1.5, 13
54, 0.33, 92
56, 0.46, 89
58, 1.6, 64
0, 0.7, 41
53, 0.65, 98
55, 0.74, 86
57, 1.6, 67
0, 2.1, 10
52, 0.6, 89
54, 0.6, 80
56, 2.1, 62
0, 1.0, 16
50, 0.46, 86
52, 0.33, 89
54, 0.65, 41
0, 0.93, 21
49, 0.65, 88
51, 0.7, 92
53, 1.3, 66
0, 1.0, 24
54, 0.42, 96
56, 0.56, 87
58, 0.88, 74
60, 0.46, 91
62, 0.46, 107
64, 0.6, 112
66, 0.51, 106
67, 0.09, 97
68, 0.46, 89
70, 0.74, 36
0, 0.7, 36
53, 0.33, 90
55, 0.32, 88
57, 0.42, 89
58, 0.37, 77
60, 0.28, 91
62, 0.37, 98
63, 0.33, 107
65, 0.42, 102
67, 0.6, 89
68, 0.05, 58
67, 0.19, 60
68, 0.46, 9
0, 1.2, 21
49, 0.28, 93
51, 0.32, 98
53, 0.42, 95
54, 0.33, 80
56, 0.42, 86
58, 0.37, 80
60, 0.37, 91
62, 0.32, 105
64, 0.84, 109
66, 1.0, 54
0, 1.2, 19
53, 0.37, 94
55, 0.33, 90
57, 0.74, 65
51, 0.42, 96
53, 0.37, 88
55, 0.7, 59
49, 0.42, 84
51, 0.42, 93
53, 0.6, 66
0, 0.09, 78
48, 0.46, 75
50, 0.42, 84
52, 0.37, 33
0, 0.56, 47
53, 0.33, 87
55, 0.33, 86
57, 0.6, 42
0, 0.28, 58
56, 0.42, 87
58, 0.37, 77
60, 0.42, 22
0, 0.42, 53
59, 0.33, 84
61, 0.46, 97
62, 0.09, 96
63, 0.05, 89
62, 0.23, 80
63, 0.32, 76
62, 0.46, 111
64, 0.51, 114
66, 0.56, 45
0, 0.28, 74
65, 0.51, 111
67, 0.46, 95
68, 0.42, 39
69, 0.05, 0
0, 0.42, 51
56, 0.42, 90
58, 0.37, 81
60, 0.51, 31
0, 0.37, 56
67, 0.37, 102
69, 0.51, 85
70, 0.09, 59
71, 0.32, 5
0, 0.42, 45
54, 0.33, 89
56, 0.51, 85
58, 0.42, 27
0, 0.42, 66
65, 0.37, 104
67, 0.42, 90
69, 0.28, 64
68, 0.19, 5
0, 0.37, 51
52, 0.33, 84
54, 0.42, 83
56, 0.42, 36
0, 0.46, 56
63, 0.42, 118
65, 0.51, 107
66, 0.46, 79
67, 0.42, 14
0, 2.4, 10
62, 0.37, 113
64, 0.37, 116
66, 0.84, 76
51, 0.42, 93
53, 0.42, 91
55, 0.74, 67
61, 0.42, 101
63, 0.37, 111
65, 0.74, 73
48, 0.42, 74
50, 0.46, 80
52, 0.42, 32
0, 0.6, 41
66, 0.37, 105
68, 0.37, 95
69, 0.65, 71
53, 0.42, 90
55, 0.37, 84
57, 0.65, 56
0, 0.14, 97
67, 0.37, 102
69, 0.42, 93
71, 0.7, 34
0, 2.0, 13
62, 0.33, 120
64, 0.42, 120
66, 0.74, 71
61, 0.42, 100
63, 0.37, 108
65, 0.74, 71
64, 0.46, 113
66, 0.46, 101
68, 0.51, 15
0, 0.23, 79
58, 0.37, 80
60, 0.33, 90
62, 0.56, 74
57, 0.37, 83
59, 0.37, 85
61, 0.56, 56
56, 0.46, 80
58, 0.33, 80
60, 0.33, 88
62, 0.33, 111
64, 0.46, 114
66, 0.46, 36
0, 0.42, 64
63, 0.28, 116
65, 0.46, 105
67, 0.42, 47
0, 0.05, 100
61, 0.37, 103
63, 0.42, 111
65, 0.51, 71
64, 0.37, 114
66, 0.42, 101
68, 0.28, 20
0, 0.51, 59
69, 0.33, 109
71, 0.37, 91
73, 0.56, 26
0, 0.14, 114
68, 0.42, 97
70, 0.28, 97
72, 0.6, 26
0, 0.46, 45
67, 0.33, 100
69, 0.46, 66
71, 0.19, 73
65, 0.46, 106
67, 0.37, 95
69, 0.51, 47
63, 0.37, 112
65, 0.42, 100
67, 0.42, 22
0, 0.09, 87
62, 0.37, 106
64, 0.37, 105
66, 0.37, 26
0, 0.42, 58
61, 0.28, 100
63, 0.37, 104
65, 0.42, 53
59, 0.33, 73
61, 0.37, 89
63, 0.37, 16
0, 0.42, 52
57, 0.28, 88
59, 0.37, 80
61, 0.51, 55
56, 0.42, 81
58, 0.32, 76
60, 0.33, 74
55, 0.33, 87
57, 0.42, 72
59, 0.33, 15
0, 2.9, 9
54, 0.28, 93
56, 0.42, 84
58, 0.37, 25
0, 0.56, 41
59, 0.28, 89
61, 0.37, 106
63, 0.42, 33
0, 0.33, 70
52, 0.28, 91
54, 0.33, 80
56, 0.42, 60
58, 0.37, 78
60, 0.28, 97
62, 0.6, 33
0, 0.37, 67
53, 0.28, 79
55, 0.28, 85
57, 0.46, 62
59, 0.33, 85
61, 0.42, 105
62, 0.33, 72
63, 0.28, 0
0, 0.42, 48
60, 0.33, 108
62, 0.42, 110
63, 0.05, 102
64, 0.05, 99
63, 0.05, 92
64, 0.14, 33
63, 0.05, 13
64, 0.19, 72
53, 0.33, 72
55, 0.33, 75
57, 0.46, 48
59, 0.33, 83
61, 0.37, 98
62, 0.19, 89
63, 0.37, 20
0, 0.56, 47
65, 0.33, 105
67, 0.33, 98
69, 0.46, 34
0, 0.28, 102
63, 0.28, 114
65, 0.28, 92
66, 0.51, 38
0, 0.65, 45
66, 0.37, 103
67, 0.28, 96
69, 0.42, 24
0, 0.19, 81
61, 0.42, 108
63, 0.46, 110
65, 0.65, 59
0, 0.56, 41
64, 0.33, 116
66, 0.32, 113
67, 0.7, 87
68, 0.19, 75
69, 0.37, 9
0, 0.28, 84
62, 0.23, 111
64, 0.42, 111
66, 0.05, 109
65, 0.05, 108
66, 0.93, 94
67, 0.37, 0
0, 1.2, 19
59, 0.28, 93
61, 0.37, 95
63, 0.6, 52
0, 0.05, 65
50, 0.33, 82
52, 0.33, 90
54, 0.56, 46
53, 0.46, 80
55, 0.23, 91
57, 0.56, 56
56, 0.33, 84
58, 0.37, 85
60, 0.56, 62
59, 0.32, 81
61, 0.33, 98
63, 0.33, 11
0, 0.46, 64
60, 0.14, 112
62, 0.37, 112
63, 0.05, 106
64, 0.46, 70
63, 0.37, 113
65, 0.33, 101
66, 1.0, 78
67, 0.19, 106
69, 0.28, 27
0, 0.51, 55
69, 0.33, 111
71, 0.28, 100
73, 1.8, 73
0, 0.6, 49
63, 0.28, 120
65, 0.37, 111
66, 0.98, 95
67, 0.51, 30
0, 0.56, 47
61, 0.28, 108
63, 0.37, 111
64, 0.09, 106
65, 0.14, 111
64, 0.6, 105
65, 0.79, 62
0, 0.42, 45
55, 0.28, 88
57, 0.46, 87
58, 1.2, 74
59, 0.28, 5
0, 0.51, 45
52, 0.28, 90
54, 0.33, 88
56, 1.3, 55
0, 0.6, 46
51, 0.28, 101
53, 0.32, 81
55, 1.0, 46
0, 0.79, 23
56, 0.32, 86
58, 0.33, 83
60, 1.0, 47
0, 0.79, 29
60, 0.28, 105
62, 0.37, 111
64, 0.23, 110
63, 0.09, 106
64, 0.79, 66
0, 0.51, 45
52, 0.28, 95
54, 0.33, 90
56, 1.2, 52
0, 0.51, 44
55, 0.23, 90
57, 0.42, 85
58, 0.09, 74
59, 0.05, 76
58, 0.79, 70
59, 0.33, 9
0, 0.65, 34
50, 0.23, 94
52, 0.33, 96
54, 1.4, 67
0, 0.79, 41
48, 0.05, 89
50, 0.42, 95
52, 1.4, 65
0, 0.51, 49
49, 0.28, 86
51, 0.37, 94
53, 0.93, 86
54, 0.33, 86
56, 0.37, 81
58, 0.56, 36
0, 0.46, 52
55, 0.28, 93
57, 0.46, 85
58, 0.09, 74
59, 0.05, 74
58, 0.19, 57
59, 0.28, 56
51, 0.42, 93
53, 0.37, 84
55, 0.42, 21
0, 0.46, 51
46, 0.33, 89
47, 0.23, 88
48, 0.42, 84
51, 0.37, 75
52, 0.37, 80
54, 0.37, 76
56, 0.56, 34
0, 0.51, 42
57, 0.33, 84
59, 0.33, 81
61, 0.37, 65
53, 0.42, 74
55, 0.33, 65
57, 0.6, 44
0, 0.51, 38
58, 0.37, 86
60, 0.32, 96
62, 0.33, 77
54, 0.42, 68
56, 0.42, 55
58, 0.74, 46
0, 0.92, 14
53, 0.6, 73
57, 0.56, 69
60, 0.84, 44
53, 0.46, 67
57, 0.51, 68
60, 0.65, 54
53, 0.46, 67
57, 0.51, 66
60, 1.2, 43
0, 1.1, 12
55, 0.42, 67
59, 0.51, 65
62, 0.7, 30
55, 0.42, 64
59, 0.42, 67
62, 0.6, 51
55, 0.37, 64
59, 0.42, 63
62, 0.74, 35
0, 0.98, 17
61, 0.37, 87
65, 0.56, 82
67, 0.51, 56
73, 0.05, 83
61, 0.23, 85
65, 0.6, 82
68, 0.42, 46
60, 0.51, 75
64, 0.46, 72
67, 0.56, 37
60, 0.46, 74
64, 0.46, 73
67, 0.51, 19
0, 1.1, 14
61, 0.37, 89
65, 0.46, 85
68, 0.37, 24
0, 0.6, 26
61, 0.37, 86
65, 0.46, 83
68, 0.42, 15
0, 0.65, 21
60, 0.42, 71
64, 0.46, 72
67, 0.05, 50
66, 0.05, 20
67, 0.19, 0
0, 0.74, 20
60, 0.42, 84
64, 0.42, 76
67, 0.42, 16
0, 0.65, 20
58, 0.51, 61
62, 0.42, 76
65, 0.51, 15
0, 0.37, 27
56, 0.46, 70
60, 0.42, 72
63, 0.46, 15
0, 0.51, 27
57, 0.46, 73
61, 0.42, 77
64, 0.46, 14
0, 0.51, 19
53, 0.46, 71
57, 0.46, 67
60, 0.46, 17
0, 0.46, 19
56, 0.46, 67
60, 0.46, 74
63, 0.51, 17
0, 0.46, 25
54, 0.42, 67
58, 0.51, 64
73, 0.05, 29
61, 0.42, 6
0, 0.56, 13
51, 0.51, 58
55, 0.46, 56
58, 0.56, 20
0, 3.3, 2
51, 0.46, 65
55, 0.42, 67
58, 0.56, 23
0, 1.6, 5
51, 0.42, 65
55, 0.56, 63
58, 0.42, 19
51, 0.51, 61
55, 0.42, 64
58, 0.37, 34
57, 0.51, 60
61, 0.37, 75
64, 0.79, 38
0, 0.93, 12
55, 0.51, 69
58, 0.37, 66
62, 0.51, 29
55, 0.42, 65
59, 0.46, 64
62, 0.42, 41
61, 0.42, 80
65, 0.37, 81
68, 0.79, 35
0, 1.9, 8
61, 0.37, 89
65, 0.46, 82
68, 0.46, 32
62, 0.46, 77
66, 0.42, 61
69, 0.46, 6
0, 0.14, 70
58, 0.46, 66
62, 0.42, 75
65, 0.6, 38
61, 0.33, 77
65, 0.42, 79
68, 0.46, 18
0, 0.23, 39
56, 0.42, 66
60, 0.42, 64
63, 0.42, 14
0, 0.14, 22
54, 0.42, 64
58, 0.46, 61
61, 0.42, 28
60, 0.42, 66
64, 0.37, 72
67, 0.65, 26
0, 2.5, 4
52, 0.42, 66
56, 0.51, 60
59, 0.46, 27
58, 0.56, 69
62, 0.42, 76
65, 0.65, 42
56, 0.37, 62
60, 0.51, 68
63, 0.33, 6
0, 0.23, 44
56, 0.46, 60
60, 0.46, 61
63, 0.33, 5
0, 0.28, 37
55, 0.46, 61
59, 0.37, 58
62, 0.37, 10
0, 0.46, 25
55, 0.42, 64
59, 0.42, 66
62, 0.51, 29
54, 0.42, 62
58, 0.46, 61
73, 0.05, 20
61, 0.28, 0
0, 0.56, 14
54, 0.42, 66
58, 0.56, 65
61, 0.42, 27
53, 0.42, 65
57, 0.42, 48
60, 0.42, 7
0, 0.28, 41
53, 0.37, 62
57, 0.46, 53
60, 0.51, 21
52, 0.46, 64
59, 0.42, 55
56, 0.33, 8
0, 0.74, 16
52, 0.28, 65
56, 0.46, 61
59, 0.37, 11
0, 0.56, 15
51, 0.46, 59
55, 0.37, 56
58, 0.46, 16
0, 0.46, 21
51, 0.46, 66
55, 0.37, 59
58, 0.46, 18
0, 0.84, 4
48, 0.46, 58
52, 0.37, 57
55, 0.46, 11
0, 0.42, 10
48, 0.05, 26
0, 0.05, 22
48, 0.19, 55
52, 0.42, 45
55, 0.32, 8
0, 0.7, 14
54, 0.37, 65
58, 0.51, 69
73, 0.19, 15
61, 0.05, 0
73, 0.09, 0
0, 0.6, 23
54, 0.37, 70
58, 0.46, 75
61, 0.42, 11
0, 0.37, 32
54, 0.42, 69
58, 0.46, 71
61, 0.6, 22
0, 4.0, 2
54, 0.37, 68
58, 0.46, 71
73, 0.05, 41
61, 0.42, 6
0, 0.51, 25
60, 0.33, 79
64, 0.37, 76
67, 0.6, 20
0, 0.33, 38
57, 0.42, 61
61, 0.37, 72
64, 0.42, 19
0, 0.56, 18
55, 0.37, 67
59, 0.42, 68
62, 0.74, 36
63, 0.42, 84
67, 0.46, 75
70, 0.51, 22
0, 0.84, 14
54, 0.33, 69
58, 0.51, 71
73, 0.09, 50
61, 0.42, 7
0, 0.14, 76
60, 0.42, 78
64, 0.37, 72
67, 0.6, 24
0, 1.5, 9
61, 0.37, 85
65, 0.42, 84
68, 0.46, 24
0, 0.42, 28
57, 0.65, 61
61, 0.46, 68
64, 0.79, 43
0, 3.3, 3
54, 0.42, 70
58, 0.51, 68
61, 0.46, 15
0, 0.28, 35
50, 0.37, 52
54, 0.42, 62
57, 0.65, 29
0, 0.37, 29
47, 0.42, 58
51, 0.51, 52
53, 0.09, 27
54, 0.33, 2
0, 2.0, 0
47, 0.56, 65
51, 0.46, 66
54, 0.65, 30
52, 0.46, 69
56, 0.42, 65
59, 0.65, 39
57, 0.46, 64
61, 0.42, 68
64, 0.6, 19
0, 0.6, 25
62, 0.42, 82
65, 0.37, 76
66, 0.05, 61
69, 0.51, 18
0, 0.7, 23
65, 0.42, 86
69, 0.37, 79
72, 0.37, 16
0, 0.74, 22
68, 0.33, 88
72, 0.42, 75
75, 1.5, 52
0, 2.4, 4
51, 0.46, 65
55, 0.37, 67
58, 0.7, 28
0, 0.09, 76
57, 0.51, 62
61, 0.37, 71
64, 0.65, 33
56, 0.51, 69
60, 0.46, 72
63, 0.46, 22
0, 0.46, 33
58, 0.42, 72
62, 0.42, 80
65, 0.88, 45
0, 0.28, 46
55, 0.46, 65
58, 0.33, 62
62, 0.56, 27
0, 0.56, 29
61, 0.33, 87
65, 0.46, 74
68, 0.51, 15
0, 0.19, 67
58, 0.46, 66
62, 0.33, 78
65, 0.56, 16
0, 0.46, 38
60, 0.37, 80
64, 0.42, 74
67, 0.56, 25
0, 0.37, 2
53, 0.46, 62
57, 0.42, 63
60, 0.42, 10
0, 0.56, 23
59, 0.42, 71
63, 0.37, 81
65, 0.37, 54
66, 0.28, 26
57, 0.56, 64
73, 0.28, 69
64, 0.56, 27
0, 0.51, 14
56, 0.46, 70
60, 0.42, 75
63, 0.56, 24
0, 0.56, 15
54, 0.37, 67
58, 0.46, 65
61, 0.56, 17
0, 0.51, 24
52, 0.37, 70
56, 0.46, 66
59, 0.7, 29
0, 0.05, 54
50, 0.46, 56
54, 0.33, 59
57, 0.46, 21
0, 0.98, 12
48, 0.42, 65
52, 0.51, 56
55, 0.6, 19
0, 5.0, 2
51, 0.42, 70
55, 0.42, 67
58, 0.46, 16
0, 0.46, 24
52, 0.42, 69
56, 0.46, 60
58, 0.09, 33
59, 0.23, 1
0, 0.56, 29
58, 0.46, 71
62, 0.42, 75
65, 0.7, 26
0, 0.28, 39
52, 0.42, 66
56, 0.46, 63
59, 0.42, 14
0, 0.6, 19
52, 0.37, 62
56, 0.42, 57
59, 0.51, 19
0, 0.42, 30
58, 0.46, 64
62, 0.37, 78
65, 0.84, 42
63, 0.42, 78
67, 0.42, 67
70, 0.51, 7
0, 0.51, 31
63, 0.37, 76
67, 0.46, 64
70, 0.42, 9
0, 0.6, 21
61, 0.37, 85
65, 0.46, 78
68, 0.37, 14
0, 0.6, 19
61, 0.37, 89
65, 0.42, 81
68, 0.33, 13
0, 0.56, 26
59, 0.37, 75
63, 0.42, 76
66, 0.42, 13
0, 0.51, 24
59, 0.42, 65
63, 0.46, 76
66, 0.46, 16
0, 0.46, 35
58, 0.37, 69
62, 0.42, 75
65, 0.65, 23
0, 0.33, 56
58, 0.37, 73
62, 0.46, 79
65, 0.6, 16
0, 0.28, 32
56, 0.46, 68
60, 0.46, 73
63, 0.42, 17
0, 0.51, 28
57, 0.42, 67
61, 0.42, 75
64, 0.46, 13
0, 0.42, 18
56, 0.51, 71
60, 0.42, 75
63, 0.37, 11
0, 0.6, 22
57, 0.42, 73
61, 0.42, 69
64, 0.33, 8
0, 0.6, 16
53, 0.51, 72
57, 0.46, 59
60, 0.7, 23
0, 2.8, 4
53, 0.42, 74
57, 0.46, 69
60, 0.46, 17
0, 0.46, 32
58, 0.42, 75
62, 0.46, 77
65, 0.65, 26
0, 0.42, 31
51, 0.42, 62
55, 0.42, 63
58, 0.56, 24
0, 0.42, 27
56, 0.46, 71
60, 0.51, 75
63, 0.46, 12
0, 0.65, 11
49, 0.37, 55
53, 0.46, 63
56, 0.51, 19
0, 0.51, 16
54, 0.42, 67
58, 0.56, 71
61, 0.51, 10
0, 0.46, 34
59, 0.46, 73
63, 0.42, 82
66, 0.56, 30
0, 0.42, 31
64, 0.42, 84
68, 0.42, 86
71, 0.56, 24
0, 0.51, 32
67, 0.37, 83
71, 0.42, 85
74, 0.46, 21
0, 0.51, 32
65, 0.42, 83
69, 0.37, 75
72, 0.46, 21
0, 0.74, 20
63, 0.37, 78
67, 0.42, 70
70, 0.51, 10
0, 0.51, 31
61, 0.37, 80
65, 0.46, 78
68, 0.46, 21
0, 0.6, 27
60, 0.42, 79
64, 0.42, 74
67, 0.46, 19
0, 0.51, 26
58, 0.46, 72
62, 0.46, 77
65, 0.65, 24
0, 0.33, 44
55, 0.42, 65
59, 0.42, 60
62, 0.56, 26
0, 0.51, 27
51, 0.46, 66
55, 0.46, 60
58, 0.51, 18
0, 0.7, 19
48, 0.32, 62
52, 0.51, 55
55, 0.42, 13
0, 0.6, 20
45, 0.42, 61
49, 0.46, 71
52, 0.46, 70
57, 0.6, 26
0, 2.7, 3
54, 0.37, 70
58, 0.51, 72
73, 0.09, 44
61, 0.19, 17
73, 0.05, 0
61, 0.09, 0
0, 0.51, 31
55, 0.46, 69
59, 0.28, 68
62, 0.65, 29
0, 0.37, 33
56, 0.42, 69
60, 0.46, 76
63, 0.6, 23
0, 0.37, 35
57, 0.42, 62
61, 0.51, 77
63, 0.05, 75
64, 0.46, 16
0, 0.46, 35
58, 0.42, 75
62, 0.46, 79
65, 0.65, 27
0, 0.46, 28
60, 0.46, 76
64, 0.51, 75
67, 0.56, 21
0, 0.56, 36
61, 0.05, 91
73, 0.05, 92
61, 0.14, 87
73, 0.09, 91
65, 0.56, 84
68, 0.51, 28
0, 0.56, 26
63, 0.46, 79
67, 0.46, 73
70, 0.46, 22
0, 0.51, 20
56, 0.37, 54
55, 0.09, 73
60, 0.51, 72
63, 0.51, 20
0, 0.51, 21
54, 0.42, 68
58, 0.46, 69
61, 0.56, 20
0, 0.56, 22
50, 0.46, 58
54, 0.37, 63
57, 0.51, 28
0, 0.46, 22
56, 0.56, 64
60, 0.51, 76
63, 0.46, 18
0, 0.46, 20
53, 0.51, 71
57, 0.51, 69
60, 0.6, 31
0, 0.42, 34
63, 0.42, 85
67, 0.51, 80
70, 0.46, 24
0, 0.74, 12
48, 0.37, 67
52, 0.46, 66
55, 0.51, 22
0, 0.46, 27
56, 0.46, 62
60, 0.51, 80
63, 0.56, 57
66, 0.46, 82
70, 0.37, 79
73, 0.79, 41
0, 2.5, 8
46, 0.42, 69
50, 0.42, 69
53, 0.56, 24
0, 0.46, 14
54, 0.37, 66
58, 0.56, 71
61, 0.51, 15
0, 0.46, 17
48, 0.46, 67
52, 0.46, 66
55, 0.46, 17
0, 0.46, 32
57, 0.46, 67
61, 0.46, 74
64, 0.6, 25
0, 0.51, 19
50, 0.46, 56
54, 0.42, 63
57, 0.51, 18
0, 0.56, 37
58, 0.37, 76
63, 0.51, 79
66, 0.56, 25
0, 0.51, 21
48, 0.23, 40
49, 0.14, 67
53, 0.56, 64
56, 0.46, 21
0, 0.51, 33
58, 0.42, 76
62, 0.46, 80
65, 0.7, 32
0, 0.28, 57
66, 0.42, 77
70, 0.42, 77
73, 0.56, 33
0, 0.56, 30
62, 0.37, 80
66, 0.46, 75
68, 0.42, 18
0, 0.56, 31
60, 0.42, 82
64, 0.46, 73
67, 0.51, 22
0, 1.0, 13
56, 0.46, 75
60, 0.46, 82
63, 0.51, 39
55, 0.42, 59
59, 0.46, 63
62, 0.51, 27
0, 0.42, 28
53, 0.46, 63
57, 0.46, 57
60, 0.56, 19
0, 0.46, 34
51, 0.42, 58
55, 0.51, 57
58, 0.56, 22
0, 0.46, 23
49, 0.37, 52
53, 0.51, 58
56, 0.42, 18
0, 0.05, 60
47, 0.51, 56
51, 0.51, 40
54, 0.42, 5
0, 3.6, 2
51, 0.46, 67
55, 0.42, 68
58, 0.51, 25
0, 0.7, 3
49, 0.28, 65
53, 0.46, 64
56, 0.42, 17
0, 0.51, 23
57, 0.46, 58
61, 0.42, 69
64, 0.42, 15
0, 0.65, 14
50, 0.42, 56
54, 0.42, 55
57, 0.51, 18
0, 0.56, 19
55, 0.42, 66
59, 0.46, 68
62, 0.6, 30
0, 0.51, 18
48, 0.33, 71
52, 0.56, 71
55, 0.46, 17
0, 0.46, 31
57, 0.46, 71
61, 0.42, 83
64, 0.6, 33
0, 0.37, 36
56, 0.42, 72
60, 0.46, 76
63, 0.6, 26
0, 0.42, 36
62, 0.46, 82
66, 0.46, 73
69, 0.6, 26
0, 0.46, 38
67, 0.37, 82
71, 0.46, 83
74, 0.56, 32
0, 0.42, 31
52, 0.46, 67
56, 0.46, 59
59, 0.51, 18
0, 1.3, 9
67, 0.28, 60
70, 0.56, 17
0, 0.46, 27
52, 0.42, 64
56, 0.51, 62
59, 0.37, 66
63, 0.42, 70
67, 0.51, 68
70, 0.84, 30
0, 1.0, 11
55, 0.46, 69
57, 0.51, 76
60, 0.74, 38
0, 1.5, 9
55, 0.33, 68
57, 0.37, 73
60, 1.1, 41
0, 1.1, 11
55, 0.37, 69
57, 0.37, 72
60, 2.3, 55
55, 0.46, 64
57, 0.42, 71
60, 0.84, 39
0, 1.6, 8
54, 0.33, 62
56, 0.42, 69
58, 0.84, 44
59, 0.05, 0
0, 1.5, 7
54, 0.37, 66
56, 0.37, 68
59, 0.37, 64
58, 0.42, 25
59, 0.05, 0
0, 1.5, 7
54, 0.37, 67
56, 0.42, 68
59, 1.1, 43
0, 1.3, 7
54, 0.37, 64
56, 0.42, 66
59, 0.33, 65
58, 0.46, 42
59, 0.14, 0
0, 1.3, 10
50, 0.37, 68
52, 0.37, 67
55, 0.84, 37
0, 1.5, 7
50, 0.37, 67
52, 0.42, 68
55, 0.93, 35
0, 1.4, 8
55, 0.42, 72
57, 0.42, 76
60, 0.14, 72
72, 0.05, 65
60, 0.88, 47
61, 0.05, 0
0, 1.1, 8
50, 0.42, 69
52, 0.37, 67
54, 0.42, 55
55, 0.51, 21
0, 1.2, 11
56, 0.37, 76
58, 0.42, 75
61, 0.23, 78
60, 0.33, 73
61, 0.6, 26
0, 1.2, 15
61, 0.42, 13
0, 0.33, 50
61, 1.2, 45
0, 0.98, 9
56, 0.42, 71
58, 0.42, 68
61, 0.79, 30
0, 4.4, 3
52, 0.37, 66
54, 0.37, 64
57, 0.79, 42
0, 1.4, 6
56, 0.42, 71
58, 0.42, 64
61, 0.93, 35
0, 1.4, 8
53, 0.42, 65
55, 0.33, 71
58, 1.0, 48
0, 1.3, 11
57, 0.37, 75
59, 0.37, 71
62, 0.98, 43
0, 1.3, 17
61, 0.28, 79
63, 0.42, 84
66, 1.2, 57
0, 0.98, 18
60, 0.33, 77
62, 0.37, 81
64, 0.46, 89
65, 0.98, 42
0, 0.74, 22
58, 0.37, 81
60, 0.37, 78
63, 0.98, 51
0, 1.2, 10
56, 0.42, 73
58, 0.37, 68
61, 1.1, 43
0, 1.1, 10
54, 0.37, 64
56, 0.37, 67
58, 0.98, 59
59, 0.23, 0
0, 1.1, 14
53, 0.32, 66
55, 0.37, 69
58, 1.1, 48
0, 1.1, 8
54, 0.37, 64
56, 0.42, 69
59, 0.05, 67
58, 0.79, 57
59, 0.28, 0
0, 0.88, 14
52, 0.37, 63
54, 0.37, 64
56, 0.19, 66
57, 0.09, 66
56, 0.14, 64
57, 0.51, 27
0, 1.5, 4
51, 0.28, 67
53, 0.37, 66
56, 1.0, 41
0, 1.1, 14
58, 0.42, 73
60, 0.33, 74
63, 1.0, 50
0, 1.0, 13
58, 0.37, 78
60, 0.37, 77
63, 0.93, 44
0, 1.3, 13
58, 0.32, 77
60, 0.42, 77
63, 0.09, 73
62, 0.05, 73
63, 0.28, 71
62, 0.05, 54
63, 0.28, 12
0, 1.4, 11
58, 0.37, 83
60, 0.37, 77
62, 0.6, 43
63, 0.05, 0
0, 1.5, 10
56, 0.33, 72
58, 0.42, 69
61, 0.09, 70
60, 0.23, 65
61, 0.46, 11
0, 1.4, 9
56, 0.42, 73
58, 0.42, 69
61, 0.84, 33
0, 1.5, 11
56, 0.33, 75
58, 0.46, 73
60, 0.51, 46
61, 0.19, 0
0, 1.5, 8
56, 0.42, 75
58, 0.37, 74
60, 0.51, 68
61, 0.37, 0
0, 1.5, 6
54, 0.37, 66
56, 0.42, 69
58, 0.65, 37
0, 1.8, 6
54, 0.37, 68
56, 0.51, 68
58, 0.09, 63
59, 0.51, 28
0, 1.5, 7
54, 0.33, 65
56, 0.51, 66
59, 0.65, 29
0, 1.4, 7
54, 0.37, 65
56, 0.37, 68
59, 0.7, 32
0, 1.5, 5
51, 0.37, 67
53, 0.37, 69
56, 0.7, 32
0, 1.6, 9
52, 0.37, 66
54, 0.32, 65
57, 0.65, 32
0, 1.6, 11
53, 0.33, 67
55, 0.33, 72
58, 0.7, 39
0, 1.5, 6
56, 0.37, 72
58, 0.46, 77
61, 0.05, 83
60, 0.33, 46
61, 0.28, 9
0, 0.05, 61
55, 0.37, 64
57, 0.37, 69
60, 0.7, 53
52, 0.37, 64
54, 0.42, 63
57, 0.65, 34
0, 1.8, 5
56, 0.42, 71
58, 0.42, 65
61, 0.65, 25
0, 1.7, 9
58, 0.33, 74
60, 0.42, 75
63, 0.65, 36
0, 1.6, 10
57, 0.37, 72
59, 0.33, 68
62, 0.74, 36
0, 1.5, 9
58, 0.37, 78
60, 0.37, 75
63, 0.65, 34
0, 1.6, 13
61, 0.23, 78
63, 0.46, 81
65, 0.42, 69
66, 0.28, 0
0, 1.4, 9
56, 0.37, 70
58, 0.42, 63
61, 0.65, 23
0, 1.4, 9
62, 0.37, 80
64, 0.37, 78
67, 0.7, 46
59, 0.37, 61
61, 0.37, 71
64, 0.6, 38
56, 0.42, 61
58, 0.37, 64
61, 0.6, 19
0, 1.8, 7
55, 0.33, 69
57, 0.42, 70
60, 0.6, 29
0, 1.7, 8
54, 0.33, 64
56, 0.42, 66
58, 0.46, 33
59, 0.05, 0
0, 1.7, 7
54, 0.28, 63
56, 0.37, 65
59, 0.56, 23
0, 0.14, 51
50, 0.37, 60
52, 0.37, 64
55, 0.56, 30
0, 0.05, 77
58, 0.42, 77
60, 0.37, 72
62, 0.46, 37
63, 0.05, 0
0, 1.7, 9
57, 0.33, 68
59, 0.37, 65
62, 0.56, 37
58, 0.42, 73
60, 0.42, 74
63, 0.6, 25
64, 0.46, 78
66, 0.37, 76
69, 0.6, 27
0, 1.7, 9
62, 0.33, 82
64, 0.37, 80
67, 0.65, 42
61, 0.42, 76
63, 0.32, 78
65, 0.51, 37
66, 0.09, 38
0, 0.09, 83
60, 0.42, 78
62, 0.37, 81
65, 0.79, 32
0, 1.4, 13
60, 0.33, 77
62, 0.37, 80
65, 0.7, 44
59, 0.37, 61
61, 0.37, 67
64, 0.51, 28
0, 0.05, 66
56, 0.56, 64
58, 0.33, 67
63, 0.56, 32
0, 1.6, 5
56, 0.42, 69
58, 0.42, 63
61, 0.65, 24
53, 0.42, 63
55, 0.37, 66
58, 0.56, 23
0, 0.14, 38
50, 0.37, 59
52, 0.37, 62
55, 0.6, 20
47, 0.37, 43
48, 0.42, 52
52, 0.56, 24
0, 2.7, 5
63, 0.37, 88
65, 0.37, 88
67, 0.23, 72
68, 0.42, 26
64, 0.46, 77
66, 0.42, 71
69, 0.56, 23
0, 0.05, 80
62, 0.42, 79
64, 0.37, 75
67, 0.56, 15
0, 0.14, 70
61, 0.37, 76
63, 0.37, 76
66, 0.46, 15
0, 0.37, 36
59, 0.33, 59
61, 0.42, 66
64, 0.56, 25
0, 1.8, 8
59, 0.33, 64
61, 0.46, 73
64, 0.51, 33
55, 0.46, 65
57, 0.37, 64
60, 0.6, 33
51, 0.46, 62
53, 0.37, 62
56, 0.56, 24
0, 1.9, 6
52, 0.37, 65
54, 0.37, 62
57, 0.65, 29
55, 0.46, 66
57, 0.46, 55
60, 0.56, 31
58, 0.46, 69
60, 0.42, 71
63, 0.56, 28
0, 0.05, 64
61, 0.42, 69
63, 0.37, 78
66, 0.51, 24
0, 0.09, 78
64, 0.46, 79
66, 0.37, 72
69, 0.46, 27
0, 0.98, 18
67, 0.33, 81
69, 0.37, 78
72, 0.46, 29
0, 0.28, 53
63, 0.33, 88
65, 0.37, 85
68, 0.51, 24
0, 0.28, 51
62, 0.33, 77
64, 0.42, 74
67, 0.65, 32
0, 4.2, 2
54, 0.37, 67
56, 0.42, 69
58, 0.42, 31
59, 0.05, 0
0, 1.8, 4
50, 0.37, 65
52, 0.37, 69
55, 0.56, 33
56, 0.46, 69
58, 0.46, 63
61, 0.56, 29
62, 0.42, 79
64, 0.46, 80
66, 0.46, 37
67, 0.05, 15
66, 0.05, 82
67, 0.05, 88
68, 0.42, 77
70, 0.37, 77
73, 0.6, 35
0, 1.6, 6
54, 0.33, 64
56, 0.42, 67
59, 0.65, 39
60, 0.42, 69
62, 0.37, 75
65, 0.65, 54
52, 0.42, 60
54, 0.33, 60
57, 0.74, 43
60, 0.42, 67
62, 0.37, 74
65, 0.7, 48
56, 0.42, 65
58, 0.42, 63
61, 0.74, 27
62, 0.42, 73
64, 0.37, 71
67, 0.56, 20
0, 0.33, 48
68, 0.37, 77
70, 0.42, 77
73, 0.65, 39
0, 2.1, 6
48, 0.37, 64
50, 0.37, 61
53, 0.65, 33
54, 0.42, 60
56, 0.46, 60
58, 0.37, 38
59, 0.32, 27
51, 0.42, 57
53, 0.42, 56
56, 0.51, 21
0, 0.14, 71
58, 0.42, 67
60, 0.42, 67
62, 0.28, 46
63, 0.23, 0
0, 0.37, 35
57, 0.37, 69
59, 0.42, 64
62, 0.65, 40
56, 0.42, 63
58, 0.46, 55
61, 0.46, 7
0, 0.37, 42
55, 0.33, 67
57, 0.37, 64
60, 0.6, 23
0, 0.14, 46
54, 0.42, 56
56, 0.37, 58
58, 0.33, 17
59, 0.05, 0
0, 0.6, 19
53, 0.42, 62
55, 0.37, 62
58, 0.56, 23
0, 0.19, 50
52, 0.46, 57
54, 0.42, 50
57, 0.42, 14
0, 0.46, 25
51, 0.37, 65
53, 0.42, 63
56, 0.7, 29
0, 2.3, 3
50, 0.42, 64
52, 0.42, 63
55, 0.7, 34
56, 0.46, 68
58, 0.46, 70
61, 0.7, 44
62, 0.42, 76
64, 0.42, 78
67, 0.6, 28
0, 1.9, 5
48, 0.28, 59
49, 0.05, 64
51, 0.46, 59
54, 0.56, 24
0, 0.14, 64
55, 0.37, 67
57, 0.42, 61
60, 0.6, 25
0, 0.14, 64
61, 0.42, 69
63, 0.42, 76
65, 0.37, 65
66, 0.28, 6
0, 2.0, 5
52, 0.42, 64
54, 0.37, 60
57, 0.7, 41
58, 0.42, 74
60, 0.42, 73
63, 0.56, 33
64, 0.46, 74
66, 0.37, 68
69, 0.74, 32
0, 1.9, 7
47, 0.37, 72
49, 0.42, 79
52, 0.7, 53
53, 0.37, 59
55, 0.33, 65
58, 0.51, 25
0, 0.37, 43
59, 0.33, 64
61, 0.37, 77
64, 0.65, 57
65, 0.37, 79
67, 0.46, 68
70, 0.51, 26
0, 0.93, 10
54, 0.33, 60
56, 0.42, 63
58, 0.23, 50
59, 0.28, 3
0, 1.7, 7
53, 0.42, 66
55, 0.33, 68
58, 0.65, 33
0, 1.8, 9
57, 0.37, 72
59, 0.33, 68
62, 0.6, 39
56, 0.46, 64
58, 0.37, 61
61, 0.6, 21
0, 0.14, 64
52, 0.42, 54
54, 0.33, 57
57, 0.6, 26
0, 1.8, 7
53, 0.37, 67
55, 0.33, 68
58, 0.7, 31
0, 1.8, 8
48, 0.42, 64
50, 0.42, 57
54, 0.42, 12
0, 1.9, 13
47, 0.19, 77
50, 0.46, 74
53, 0.51, 17
0, 0.28, 79
47, 0.28, 81
49, 0.42, 73
52, 0.42, 7
0, 0.32, 46
46, 0.37, 72
48, 0.32, 73
51, 0.79, 23
0, 3.2, 5
57, 0.37, 74
59, 0.33, 66
62, 0.65, 32
0, 1.7, 11
60, 0.33, 78
62, 0.42, 82
64, 0.14, 87
65, 0.05, 79
64, 0.23, 63
65, 0.42, 2
0, 1.5, 11
60, 0.37, 75
62, 0.37, 80
65, 0.74, 52
61, 0.37, 72
63, 0.37, 75
66, 0.56, 25
0, 0.28, 58
62, 0.33, 77
64, 0.42, 74
67, 0.79, 38
0, 1.8, 8
60, 0.37, 77
62, 0.37, 78
65, 0.7, 44
62, 0.42, 74
64, 0.42, 70
67, 0.56, 14
0, 0.09, 71
64, 0.46, 73
66, 0.42, 69
69, 0.7, 28
0, 2.2, 3
56, 0.46, 68
58, 0.46, 62
61, 0.51, 27
52, 0.46, 58
54, 0.37, 54
57, 0.46, 15
0, 0.37, 47
60, 0.33, 75
62, 0.37, 77
65, 0.65, 40
55, 0.37, 61
57, 0.42, 55
60, 0.46, 13
0, 0.37, 33
61, 0.37, 73
63, 0.33, 76
65, 0.42, 53
66, 0.23, 0
0, 0.16, 70
53, 0.19, 65
55, 0.09, 63
54, 0.05, 47
55, 0.42, 7
0, 1.3, 8
53, 0.42, 69
55, 0.6, 22
0, 1.4, 11
53, 0.33, 63
55, 0.42, 13
0, 1.7, 8
53, 0.33, 62
55, 0.33, 5
0, 1.8, 7
56, 0.37, 72
58, 0.37, 7
0, 1.6, 7
56, 0.28, 70
58, 0.37, 13
0, 1.6, 9
53, 0.33, 57
55, 0.28, 3
0, 1.7, 7
53, 0.33, 53
55, 0.28, 2
0, 1.6, 7
56, 0.33, 72
58, 0.37, 11
0, 1.6, 7
55, 0.33, 65
57, 0.37, 13
0, 1.7, 6
53, 0.33, 64
55, 0.33, 5
0, 1.6, 8
53, 0.33, 59
55, 0.28, 0
0, 1.8, 11
58, 0.23, 84
60, 0.46, 13
0, 1.7, 10
58, 0.32, 77
60, 0.37, 6
0, 1.5, 8
56, 0.33, 69
58, 0.33, 3
0, 1.7, 10
55, 0.19, 71
58, 0.37, 11
0, 1.5, 10
58, 0.28, 82
60, 0.37, 13
0, 1.6, 10
61, 0.28, 77
63, 0.51, 14
0, 1.3, 9
56, 0.28, 68
58, 0.37, 5
0, 1.6, 7
55, 0.51, 46
56, 0.09, 0
0, 1.7, 8
50, 0.37, 64
53, 0.37, 0
0, 1.4, 10
53, 0.33, 65
55, 0.37, 9
0, 1.6, 7
55, 0.33, 63
57, 0.23, 4
0, 1.7, 9
57, 0.33, 68
59, 0.33, 4
0, 1.6, 9
58, 0.37, 69
60, 0.33, 9
0, 1.5, 6
56, 0.37, 74
58, 0.42, 14
0, 1.8, 11
61, 0.23, 80
63, 0.51, 23
0, 1.5, 13
60, 0.37, 78
62, 0.51, 19
0, 1.4, 9
53, 0.37, 65
55, 0.33, 7
0, 1.6, 7
56, 0.37, 74
58, 0.37, 10
0, 1.5, 7
51, 0.37, 67
53, 0.46, 7
0, 1.5, 8
54, 0.37, 62
56, 0.37, 13
0, 1.9, 8
62, 0.32, 84
64, 0.6, 18
0, 1.5, 15
61, 0.28, 79
62, 0.14, 74
63, 0.42, 22
0, 1.5, 13
60, 0.33, 84
61, 0.37, 45
62, 0.19, 0
0, 1.7, 11
60, 0.37, 83
61, 0.09, 66
62, 0.05, 64
61, 0.05, 37
62, 0.37, 0
0, 1.5, 13
60, 0.28, 75
61, 0.37, 20
0, 1.8, 8
62, 0.88, 43
0, 1.5, 10
60, 0.28, 74
62, 0.46, 22
0, 1.7, 12
60, 0.33, 76
62, 0.42, 9
0, 1.7, 10
60, 0.28, 76
62, 0.42, 8
0, 1.8, 8
62, 0.28, 81
64, 0.51, 18
0, 1.7, 9
60, 0.28, 66
62, 0.33, 3
0, 2.0, 12
61, 0.19, 75
73, 0.09, 57
63, 0.23, 5
0, 2.0, 10
61, 0.33, 73
63, 0.32, 3
0, 1.7, 8
62, 0.33, 78
64, 0.46, 13
0, 1.6, 9
60, 0.33, 76
62, 0.42, 11
0, 1.8, 9
58, 0.37, 68
60, 0.42, 11
0, 1.6, 9
57, 0.33, 75
59, 0.56, 22
0, 1.4, 6
56, 0.37, 73
58, 0.46, 18
0, 1.2, 7
56, 0.37, 67
53, 0.33, 58
54, 0.23, 22
55, 0.23, 0
0, 1.3, 13
58, 0.28, 67
55, 0.33, 67
57, 0.51, 21
0, 1.3, 14
60, 0.28, 72
57, 0.37, 74
58, 0.09, 65
59, 0.05, 64
58, 0.28, 52
59, 0.28, 2
0, 3.4, 3
57, 0.33, 75
59, 0.46, 15
0, 1.7, 15
73, 0.23, 76
63, 0.42, 11
0, 1.5, 10
58, 0.33, 78
60, 0.46, 14
0, 1.6, 10
63, 0.33, 88
65, 0.6, 17
0, 1.4, 8
53, 0.33, 55
55, 0.37, 4
0, 1.8, 6
51, 0.33, 63
53, 0.42, 5
0, 1.7, 8
52, 0.37, 54
54, 0.23, 0
0, 1.5, 6
48, 0.42, 56
51, 0.23, 0
0, 1.9, 5
53, 0.37, 59
55, 0.33, 4
0, 1.6, 6
56, 0.33, 71
58, 0.42, 12
0, 1.5, 9
57, 0.28, 67
58, 0.28, 11
0, 1.8, 10
60, 0.28, 73
62, 0.46, 14
0, 1.7, 9
62, 0.23, 78
64, 0.51, 16
0, 1.6, 9
60, 0.28, 71
62, 0.37, 13
0, 1.9, 11
61, 0.28, 72
63, 0.37, 11
0, 1.6, 11
59, 0.33, 76
61, 0.51, 10
0, 1.6, 9
66, 0.32, 84
68, 0.42, 16
0, 1.5, 10
65, 0.33, 79
67, 0.51, 13
0, 1.6, 11
69, 0.32, 89
71, 0.51, 15
0, 1.5, 8
64, 0.37, 78
65, 0.19, 52
66, 0.33, 0
0, 1.4, 10
70, 0.28, 87
72, 0.51, 30
0, 1.5, 9
64, 0.37, 81
66, 0.56, 29
0, 1.3, 12
63, 0.28, 85
65, 0.51, 15
0, 1.6, 10
60, 0.28, 80
61, 0.37, 37
62, 0.19, 0
0, 1.6, 11
60, 0.28, 75
62, 0.37, 18
0, 1.7, 6
54, 0.28, 66
56, 0.46, 20
0, 1.5, 10
57, 0.32, 75
59, 0.37, 15
0, 1.5, 8
51, 0.37, 71
53, 0.46, 11
0, 1.6, 11
60, 0.33, 73
61, 0.23, 12
62, 0.14, 0
0, 1.5, 13
60, 0.28, 77
62, 0.37, 12
0, 1.7, 9
55, 0.28, 69
57, 0.37, 16
0, 1.7, 9
56, 0.37, 73
58, 0.37, 11
0, 1.5, 12
49, 0.28, 80
51, 0.46, 15
0, 1.5, 15
48, 0.14, 80
51, 0.51, 22
0, 1.6, 13
47, 0.23, 88
49, 0.46, 20
0, 1.7, 13
47, 0.23, 80
49, 0.42, 14
0, 1.5, 9
50, 0.33, 73
52, 0.46, 8
0, 1.4, 7
50, 0.33, 69
52, 0.46, 10
0, 1.6, 9
54, 0.28, 61
56, 0.37, 8
0, 1.7, 10
54, 0.23, 68
56, 0.42, 14
0, 1.6, 8
51, 0.28, 71
53, 0.51, 17
0, 1.5, 9
51, 0.33, 68
52, 0.09, 19
53, 0.05, 14
52, 0.19, 0
53, 0.05, 0
0, 1.6, 9
53, 0.32, 72
55, 0.46, 17
0, 1.7, 9
53, 0.33, 66
55, 0.46, 12
0, 1.8, 8
54, 0.28, 68
56, 0.51, 19
0, 1.5, 11
54, 0.19, 65
56, 0.46, 18
0, 1.5, 6
56, 0.37, 74
58, 0.42, 12
0, 1.6, 8
56, 0.33, 73
58, 0.42, 12
0, 1.7, 11
60, 0.33, 76
62, 0.42, 15
0, 1.6, 8
63, 0.33, 88
65, 0.6, 30
0, 1.5, 11
66, 0.33, 82
68, 0.51, 28
0, 1.4, 12
69, 0.33, 89
71, 0.51, 23
0, 1.5, 8
72, 0.37, 88
74, 0.46, 29
0, 1.7, 11
73, 0.28, 84
75, 0.6, 34
0, 1.6, 11
66, 0.37, 86
67, 0.23, 73
68, 0.42, 17
0, 1.3, 11
63, 0.37, 89
65, 0.79, 42
0, 1.2, 16
60, 0.33, 63
62, 0.33, 0
0, 1.6, 11
59, 0.33, 63
61, 0.33, 0
0, 1.6, 8
63, 0.42, 78
65, 0.46, 5
0, 1.6, 10
58, 0.28, 78
60, 0.42, 7
0, 1.6, 11
57, 0.28, 63
59, 0.37, 2
0, 1.6, 8
54, 0.28, 62
56, 0.37, 9
0, 1.6, 10
53, 0.33, 52
55, 0.28, 1
0, 1.7, 8
52, 0.33, 62
54, 0.33, 4
0, 1.6, 10
51, 0.19, 59
53, 0.33, 3
0, 1.7, 13
57, 0.19, 82
60, 0.42, 10
0, 1.5, 13
62, 0.28, 74
64, 0.42, 5
0, 1.6, 8
57, 0.33, 70
59, 0.42, 12
0, 1.5, 12
63, 0.28, 83
66, 0.51, 21
0, 1.5, 10
63, 0.28, 90
65, 0.6, 24
0, 1.6, 11
62, 0.23, 74
64, 0.51, 21
0, 1.6, 11
60, 0.28, 74
62, 0.56, 24
0, 1.4, 11
68, 0.33, 75
70, 0.56, 14
0, 1.4, 11
67, 0.28, 82
69, 0.46, 21
0, 1.6, 10
67, 0.28, 87
69, 0.56, 19
0, 1.5, 11
66, 0.28, 79
68, 0.46, 22
0, 1.6, 11
65, 0.28, 81
67, 0.46, 8
0, 1.5, 9
64, 0.37, 82
65, 0.37, 17
0, 1.6, 11
62, 0.28, 80
64, 0.46, 13
0, 1.5, 10
64, 0.33, 84
66, 0.51, 29
0, 1.9, 9
57, 0.33, 72
59, 0.42, 7
0, 1.5, 10
60, 0.33, 77
62, 0.42, 14
0, 1.6, 11
55, 0.05, 70
56, 0.23, 73
58, 0.42, 16
0, 1.6, 16
61, 0.28, 77
62, 0.14, 57
63, 0.33, 0
0, 1.6, 8
53, 0.37, 61
55, 0.33, 4
0, 1.6, 11
58, 0.28, 85
60, 0.56, 23
0, 1.3, 12
52, 0.32, 65
53, 0.37, 11
54, 0.05, 0
0, 1.4, 11
57, 0.33, 71
58, 0.42, 23
59, 0.05, 0
0, 1.5, 14
61, 0.32, 80
63, 0.51, 23
0, 1.5, 9
56, 0.32, 77
58, 0.6, 26
0, 1.3, 14
65, 0.28, 88
68, 0.65, 32
0, 1.1, 15
53, 0.32, 66
54, 0.23, 33
55, 0.28, 0
0, 1.3, 7
56, 0.37, 73
58, 0.65, 27
0, 1.2, 13
59, 0.33, 79
60, 0.09, 82
61, 0.51, 19
0, 1.2, 13
62, 0.33, 87
64, 0.7, 29
0, 1.2, 17
60, 0.28, 80
61, 0.23, 63
62, 0.37, 4
0, 1.5, 13
60, 0.23, 77
62, 0.51, 33
0, 1.6, 12
63, 0.28, 94
65, 0.74, 46
0, 1.2, 15
66, 0.33, 90
68, 0.65, 44
0, 1.3, 11
66, 0.33, 86
68, 0.51, 14
0, 0.33, 55
62, 0.28, 78
64, 0.46, 12
0, 0.42, 41
59, 0.37, 78
60, 0.05, 82
61, 0.6, 23
0, 1.3, 13
57, 0.32, 72
59, 0.6, 30
0, 1.2, 8
56, 0.46, 74
58, 0.65, 33
0, 1.1, 12
53, 0.42, 68
55, 0.65, 32
48, 0.46, 60
50, 0.42, 22
51, 0.19, 47
56, 0.42, 71
58, 0.7, 34
0, 1.3, 9
53, 0.42, 67
55, 0.46, 17
0, 1.5, 11
57, 0.37, 75
58, 0.09, 65
59, 0.05, 61
58, 0.23, 22
59, 0.14, 0
0, 1.3, 10
52, 0.37, 69
54, 0.42, 16
0, 0.33, 56
58, 0.33, 83
60, 0.6, 43
55, 0.42, 68
57, 0.65, 28
0, 0.05, 77
61, 0.37, 77
63, 0.6, 32
59, 0.46, 71
61, 0.65, 28
64, 0.42, 79
66, 0.46, 9
0, 0.33, 52
57, 0.33, 73
59, 0.51, 20
